0;-687.126;789.846;201.126;94.8613;-55.0408;-278.236
0.1;-679.134;784.269;172.841;64.99;-55.3319;-287.245
0.2;-674.097;779.013;143.723;36.0501;-48.6423;-294.87
0.3;-671.841;774.761;113.914;9.61214;-35.3713;-301.076
0.4;-672.043;772.134;83.5565;-12.8859;-16.266;-305.832
0.5;-674.245;771.668;52.7968;-30.2146;7.6179;-309.117
0.6;-677.88;773.774;21.7828;-41.418;34.9718;-310.913
0.7;-682.302;778.728;-9.33598;-45.8643;64.3035;-311.213
0.8;-686.818;786.648;-40.4098;-43.2788;94.0158;-310.015
0.9;-690.726;797.49;-71.2892;-33.7589;122.491;-307.324
1;-693.353;811.053;-101.825;-17.7687;148.177;-303.154
1.1;-694.09;826.985;-131.871;3.88547;169.667;-297.525
1.2;-692.423;844.806;-161.283;30.0977;185.778;-290.464
1.3;-687.963;863.931;-189.917;59.5208;195.608;-282.004
1.4;-680.462;883.698;-217.638;90.6375;198.587;-272.187
1.5;-669.832;903.412;-244.311;121.84;194.508;-261.06
1.6;-656.145;922.369;-269.808;151.517;183.535;-248.676
1.7;-639.631;939.905;-294.006;178.136;166.196;-235.095
1.8;-620.666;955.424;-316.789;200.325;143.354;-220.382
1.9;-599.753;968.431;-338.047;216.946;116.165;-204.608
2;-577.492;978.558;-357.678;227.155;86.0112;-187.85
2.1;-554.553;985.585;-375.587;230.446;54.4323;-170.187
2.2;-531.639;989.45;-391.688;226.677;23.0429;-151.705
2.3;-509.446;990.254;-405.904;216.079;-6.55265;-132.493
2.4;-488.632;988.25;-418.166;199.244;-32.8454;-112.643
2.5;-469.776;983.84;-428.415;177.09;-54.5008;-92.2512
2.6;-453.352;977.542;-436.601;150.817;-70.4299;-71.4149
2.7;-439.703;969.972;-442.686;121.844;-79.8463;-50.2349
2.8;-429.021;961.805;-446.64;91.7289;-82.3077;-28.8131
2.9;-421.341;953.745;-448.444;62.0904;-77.7398;-7.25253
3;-416.534;946.483;-448.089;34.5219;-66.4396;14.3429
3.1;-414.318;940.661;-445.578;10.5064;-49.0598;35.8693
3.2;-414.271;936.842;-440.921;-8.66114;-26.5749;57.223
3.3;-415.853;935.476;-434.142;-21.9424;-0.2289;78.3013
3.4;-418.438;936.877;-425.274;-28.6106;28.5299;99.0027
3.5;-421.341;941.21;-414.358;-28.2887;58.1254;119.227
3.6;-423.861;948.476;-401.447;-20.9696;86.9371;138.878
3.7;-425.313;958.518;-386.604;-7.01629;113.386;157.861
3.8;-425.066;971.025;-369.9;12.8574;136.017;176.083
3.9;-422.578;985.552;-351.416;37.6241;153.577;193.458
4;-417.421;1001.54;-331.24;65.9976;165.08;209.902
4.1;-409.307;1018.34;-309.469;96.5007;169.86;225.335
4.2;-398.102;1035.27;-286.209;127.543;167.605;239.683
4.3;-383.834;1051.63;-261.571;157.504;158.377;252.878
4.4;-366.69;1066.73;-235.674;184.822;142.603;264.856
4.5;-347.006;1079.96;-208.643;208.073;121.056;275.558
4.6;-325.252;1090.78;-180.607;226.046;94.8153;284.934
4.7;-302.005;1098.81;-151.701;237.81;65.2068;292.939
4.8;-277.918;1103.76;-122.066;242.76;33.7342;299.533
4.9;-253.689;1105.55;-91.8428;240.651;1.99955;304.686
5;-230.02;1104.21;-61.1776;231.61;-28.3815;308.372
5.1;-207.582;1099.97;-30.2179;216.13;-55.8648;310.573
5.2;-186.982;1093.18;0.887212;195.042;-79.0596;311.28
5.3;-168.724;1084.34;31.9881;169.474;-96.8016;310.488
5.4;-153.191;1074.03;62.935;140.79;-108.215;308.201
5.5;-140.619;1062.92;93.5789;110.515;-112.757;304.431
5.6;-131.088;1051.72;123.772;80.2621;-110.251;299.196
5.7;-124.513;1041.1;153.37;51.6391;-100.888;292.52
5.8;-120.654;1031.75;182.229;26.1683;-85.2261;284.436
5.9;-119.128;1024.24;210.212;5.20481;-64.1531;274.983
6;-119.425;1019.06;237.182;-10.135;-38.8436;264.207
6.1;-120.939;1016.57;263.011;-19.0326;-10.6961;252.158
6.2;-123;1016.96;287.573;-21.01;18.7411;238.896
6.3;-124.906;1020.3;310.751;-15.9556;47.8514;224.484
6.4;-125.964;1026.47;332.434;-4.12979;75.0354;208.991
6.5;-125.526;1035.2;352.516;13.8489;98.7955;192.492
6.6;-123.02;1046.07;370.901;37.0361;117.815;175.066
6.7;-117.985;1058.56;387.501;64.212;131.026;156.798
6.8;-110.092;1072.06;402.236;93.9453;137.671;137.775
6.9;-99.1628;1085.86;415.034;124.669;137.334;118.089
7;-85.1792;1099.29;425.835;154.763;129.973;97.8345
7.1;-68.2842;1111.63;434.585;182.641;115.914;77.109
7.2;-48.7744;1122.27;441.244;206.83;95.8359;56.0122
7.3;-27.0843;1130.63;445.779;226.055;70.7381;34.6459
7.4;-3.7635;1136.29;448.168;239.301;41.8835;13.1128
7.5;20.5522;1138.93;448.399;245.866;10.7336;-8.48349
7.6;45.1745;1138.41;446.472;245.404;-21.1285;-30.0389
7.7;69.3985;1134.74;442.396;237.937;-52.0826;-51.4497
7.8;92.5404;1128.08;436.191;223.856;-80.5559;-72.6129
7.9;113.973;1118.76;427.885;203.903;-105.107;-93.4265
8;133.159;1107.23;417.52;179.127;-124.501;-113.79
8.1;149.68;1094.06;405.146;150.832;-137.777;-133.606
8.2;163.258;1079.9;390.82;120.508;-144.294;-152.779
8.3;173.767;1065.44;374.614;89.7499;-143.772;-171.217
8.4;181.247;1051.38;356.605;60.1766;-136.299;-188.83
8.5;185.894;1038.4;336.878;33.3426;-122.332;-205.535
8.6;188.055;1027.1;315.531;10.6574;-102.671;-221.25
8.7;188.204;1018.02;292.664;-6.68935;-78.4153;-235.9
8.8;186.926;1011.53;268.388;-17.7904;-50.9082;-249.414
8.9;184.875;1007.89;242.821;-22.069;-21.6637;-261.728
9;182.748;1007.2;216.085;-19.3097;7.71206;-272.782
9.1;181.243;1009.39;188.308;-9.66894;35.6064;-282.523
9.2;181.027;1014.22;159.626;6.33245;60.4849;-290.904
9.3;182.694;1021.34;130.174;27.8372;80.9725;-297.885
9.4;186.74;1030.23;100.096;53.6967;95.9263;-303.431
9.5;193.533;1040.31;69.5367;82.5318;104.496;-307.517
9.6;203.295;1050.9;38.6423;112.805;106.167;-310.123
9.7;216.088;1061.31;7.56187;142.904;100.792;-311.236
9.8;231.816;1070.83;-23.555;171.223;88.5947;-310.851
9.9;250.223;1078.82;-54.5584;196.25;70.1579;-308.969
10;270.911;1084.68;-85.2993;216.647;46.3959;-305.601
10.1;293.361;1087.96;-115.629;231.319;18.5038;-300.761
10.2;316.957;1088.29;-145.403;239.475;-12.1051;-294.473
10.3;341.022;1085.5;-174.477;240.663;-43.8736;-286.768
10.4;364.854;1079.53;-202.711;234.804;-75.1832;-277.682
10.5;387.757;1070.53;-229.969;222.186;-104.44;-267.26
10.6;409.086;1058.76;-256.12;203.455;-130.156;-255.551
10.7;428.276;1044.66;-281.038;179.58;-151.034;-242.612
10.8;444.871;1028.75;-304.603;151.801;-166.028;-228.506
10.9;458.553;1011.68;-326.702;121.561;-174.405;-213.299
11;469.154;994.107;-347.229;90.4356;-175.781;-197.065
11.1;476.665;976.754;-366.084;60.0451;-170.14;-179.883
11.2;481.24;960.302;-383.177;31.9704;-157.839;-161.835
11.3;483.185;945.386;-398.425;7.6697;-139.583;-143.008
11.4;482.942;932.551;-411.755;-11.5988;-116.395;-123.493
11.5;481.067;922.229;-423.104;-24.8433;-89.5547;-103.383
11.6;478.198;914.713;-432.415;-31.3908;-60.5372;-82.7756
11.7;475.024;910.142;-439.645;-30.9223;-30.9309;-61.7697
11.8;472.247;908.493;-444.759;-23.4902;-2.35519;-40.4664
11.9;470.545;909.584;-447.732;-9.51518;23.6251;-18.9683
12;470.537;913.083;-448.55;10.2359;45.5826;2.62105
12.1;472.75;918.525;-447.208;34.6907;62.3027;24.1978
12.2;477.588;925.337;-443.714;62.5278;72.8476;45.6581
12.3;485.318;932.867;-438.084;92.2464;76.6062;66.8986
12.4;496.047;940.422;-430.345;122.246;73.3259;87.8171
12.5;509.723;947.301;-420.535;150.911;63.1262;108.313
12.6;526.133;952.832;-408.7;176.695;46.4925;128.287
12.7;544.919;956.412;-394.898;198.203;24.2503;147.644
12.8;565.592;957.532;-379.195;214.267;-2.47853;166.29
12.9;587.56;955.811;-361.667;224.005;-32.3345;184.136
13;610.162;951.011;-342.397;226.867;-63.7929;201.095
13.1;632.697;943.053;-321.48;222.667;-95.2438;217.086
13.2;654.466;932.017;-299.015;211.593;-125.078;232.033
13.3;674.804;918.142;-275.111;194.193;-151.769;245.862
13.4;693.122;901.813;-249.882;171.349;-173.96;258.508
13.5;708.931;883.538;-223.45;144.231;-190.527;269.909
13.6;721.872;863.924;-195.943;114.234;-200.647;280.012
13.7;731.733;843.641;-167.493;82.9043;-203.833;288.766
13.8;738.462;823.393;-138.237;51.8572;-199.966;296.13
13.9;742.167;803.876;-108.315;22.6937;-189.299;302.069
14;743.114;785.741;-77.8712;-3.0854;-172.444;306.554
14.1;741.708;769.563;-47.053;-24.1588;-150.339;309.563
14.2;738.475;755.808;-16.0083;-39.4541;-124.197;311.082
14.3;734.036;744.811;15.1135;-48.2045;-95.4477;311.104
14.4;729.068;736.754;46.1625;-49.9896;-65.6545;309.628
14.5;724.273;731.661;76.9893;-44.7569;-36.4373;306.661
14.6;720.341;729.394;107.446;-32.8255;-9.38472;302.219
14.7;717.91;729.662;137.385;-14.8684;14.0295;296.321
14.8;717.536;732.035;166.662;8.1225;32.524;288.997
14.9;719.661;735.968;195.138;34.889;45.0779;280.283
15;724.591;740.828;222.674;63.9732;50.9845;270.218
15.1;732.48;745.93;249.138;93.7941;49.8886;258.854
15.2;743.32;750.572;274.403;122.731;41.8053;246.243
15.3;756.944;754.07;298.347;149.211;27.1192;232.446
15.4;773.032;755.799;320.855;171.789;6.56408;217.531
15.5;791.13;755.221;341.818;189.226;-18.8157;201.569
15.6;810.673;751.918;361.136;200.553;-47.7207;184.636
15.7;831.014;745.609;378.716;205.126;-78.6647;166.815
15.8;851.462;736.17;394.473;202.654;-110.053;148.191
15.9;871.312;723.637;408.33;193.221;-140.268;128.853
16;889.888;708.208;420.222;177.276;-167.752;108.895
16.1;906.576;690.226;430.092;155.611;-191.092;88.413
16.2;920.856;670.168;437.891;129.321;-209.093;67.5052
16.3;932.33;648.616;443.582;99.7458;-220.842;46.2726
16.4;940.745;626.228;447.138;68.3961;-225.755;24.8172
16.5;946.003;603.702;448.541;36.8771;-223.609;3.24231
16.6;948.169;581.738;447.786;6.80254;-214.553;-18.3482
16.7;947.464;561.005;444.875;-20.2907;-199.101;-39.8503
16.8;944.257;542.104;439.822;-43.0236;-178.103;-61.1606
16.9;939.043;525.532;432.652;-60.2475;-152.702;-82.1766
17;932.42;511.665;423.4;-71.1053;-124.274;-102.797
17.1;925.053;500.728;412.11;-75.0765;-94.3522;-122.922
17.2;917.641;492.79;398.835;-72.0045;-64.5503;-142.456
17.3;910.88;487.76;383.641;-62.105;-36.4738;-161.304
17.4;905.429;485.387;366.6;-45.9548;-11.6369;-179.376
17.5;901.868;485.279;347.795;-24.4609;8.61786;-196.584
17.6;900.676;486.92;327.315;1.18694;23.1906;-212.846
17.7;902.198;489.7;305.26;29.5794;31.2821;-228.083
17.8;906.632;492.945;281.735;59.1618;32.436;-242.223
17.9;914.016;495.952;256.854;88.3164;26.5627;-255.196
18;924.227;498.031;230.737;115.448;13.9447;-266.941
18.1;936.988;498.537;203.509;139.067;-4.779;-277.401
18.2;951.88;496.903;175.301;157.871;-28.6462;-286.526
18.3;968.366;492.677;146.25;170.809;-56.4226;-294.271
18.4;985.82;485.536;116.494;177.141;-86.6667;-300.6
18.5;1003.56;475.313;86.178;176.476;-117.806;-305.482
18.6;1020.88;461.999;55.447;168.792;-148.221;-308.893
18.7;1037.09;445.746;24.449;154.438;-176.328;-310.818
18.8;1051.57;426.86;-6.66669;134.112;-200.666;-311.246
18.9;1063.75;405.781;-37.7503;108.831;-219.973;-310.176
19;1073.21;383.067;-68.6521;79.8716;-233.25;-307.613
19.1;1079.65;359.356;-99.2235;48.7047;-239.819;-303.569
19.2;1082.93;335.339;-129.317;16.9176;-239.352;-298.064
19.3;1083.07;311.719;-158.789;-13.8698;-231.894;-291.125
19.4;1080.24;289.18;-187.495;-42.0908;-217.859;-282.783
19.5;1074.78;268.342;-215.3;-66.3142;-198.007;-273.081
19.6;1067.15;249.738;-242.068;-85.3203;-173.405;-262.064
19.7;1057.93;233.776;-267.671;-98.1652;-145.369;-249.786
19.8;1047.75;220.729;-291.985;-104.23;-115.398;-236.305
19.9;1037.32;210.708;-314.894;-103.255;-85.0897;-221.686
20;1027.33;203.668;-336.287;-95.3524;-56.0616;-206.001
20.1;1018.46;199.401;-356.061;-80.999;-29.8616;-189.324
20.2;1011.32;197.554;-374.121;-61.014;-7.88788;-171.736
20.3;1006.41;197.643;-390.38;-36.5135;8.6852;-153.32
20.4;1004.12;199.081;-404.76;-8.85247;18.9692;-134.167
20.5;1004.69;201.208;-417.192;20.4472;22.4084;-114.368
20.6;1008.21;203.327;-427.616;49.7771;18.8092;-94.0189
20.7;1014.6;204.74;-435.981;77.5267;8.35052;-73.2168
20.8;1023.61;204.785;-442.247;102.169;-8.42595;-52.0623
20.9;1034.88;202.872;-446.385;122.342;-30.6442;-30.6572
21;1047.89;198.513;-448.374;136.917;-57.1401;-9.10452
21.1;1062.05;191.348;-448.204;145.064;-86.523;12.492
21.2;1076.68;181.164;-445.877;146.29;-117.249;34.0284
21.3;1091.07;167.907;-441.404;140.47;-147.703;55.401
21.4;1104.54;151.685;-434.806;127.847;-176.284;76.5069
21.5;1116.43;132.763;-426.115;109.028;-201.487;97.2445
21.6;1126.17;111.545;-415.373;84.9436;-221.988;117.514
21.7;1133.29;88.559;-402.631;56.804;-236.708;137.218
21.8;1137.44;64.4232;-387.951;26.0332;-244.875;156.261
21.9;1138.46;39.8178;-371.404;-5.80583;-246.06;174.552
22;1136.3;15.447;-353.069;-37.0938;-240.204;192.003
22.1;1131.11;-7.99763;-333.034;-66.2406;-227.618;208.53
22.2;1123.17;-29.8735;-311.396;-91.769;-208.969;224.053
22.3;1112.92;-49.6213;-288.26;-112.393;-185.242;238.497
22.4;1100.89;-66.7938;-263.735;-127.086;-157.691;251.793
22.5;1087.73;-81.0801;-237.941;-135.134;-127.771;263.878
22.6;1074.1;-92.3214;-211.002;-136.175;-97.0606;274.692
22.7;1060.72;-100.52;-183.047;-130.215;-67.1802;284.183
22.8;1048.28;-105.838;-154.211;-117.632;-39.7055;292.307
22.9;1037.4;-108.59;-124.633;-99.1525;-16.0847;299.024
23;1028.61;-109.225;-94.4543;-75.8146;2.43843;304.301
23.1;1022.35;-108.305;-63.8213;-48.9132;14.8899;308.114
23.2;1018.9;-106.473;-32.881;-19.9311;20.6169;310.443
23.3;1018.38;-104.417;-1.7825;9.53901;19.3228;311.278
23.4;1020.77;-102.841;29.3246;37.8787;11.082;310.615
23.5;1025.87;-102.419;60.2905;63.5294;-3.66332;308.456
23.6;1033.34;-103.765;90.9663;85.0744;-24.1269;304.812
23.7;1042.71;-107.399;121.204;101.314;-49.2197;299.702
23.8;1053.39;-113.719;150.859;111.33;-77.6078;293.148
23.9;1064.74;-122.98;179.787;114.53;-107.782;285.184
24;1076.06;-135.282;207.85;110.684;-138.14;275.847
24.1;1086.65;-150.561;234.912;99.9352;-167.066;265.182
24.2;1095.84;-168.596;260.843;82.7888;-193.021;253.24
24.3;1103.02;-189.019;285.519;60.0894;-214.624;240.079
24.4;1107.71;-211.336;308.821;32.975;-230.72;225.763
24.5;1109.51;-234.95;330.635;2.81677;-240.445;210.36
24.6;1108.22;-259.194;350.859;-28.8533;-243.273;193.944
24.7;1103.75;-283.368;369.393;-60.4231;-239.04;176.595
24.8;1096.19;-306.773;386.149;-90.2857;-227.953;158.396
24.9;1085.8;-328.748;401.047;-116.924;-210.583;139.434
25;1072.96;-348.709;414.014;-138.992;-187.83;119.801
25.1;1058.19;-366.174;424.988;-155.383;-160.879;99.5915
25.2;1042.1;-380.791;433.916;-165.292;-131.136;78.9025
25.3;1025.36;-392.359;440.756;-168.255;-100.154;57.8336
25.4;1008.68;-400.835;445.474;-164.175;-69.5487;36.4864
25.5;992.755;-406.335;448.047;-153.326;-40.918;14.9635
25.6;978.224;-409.134;448.464;-136.34;-15.7536;-6.6314
25.7;965.66;-409.646;446.722;-114.173;4.63636;-28.1944
25.8;955.522;-408.402;442.83;-88.0551;19.1963;-49.6216
25.9;948.133;-406.027;436.806;-59.4229;27.1794;-70.81
26;943.669;-403.2;428.679;-29.8469;28.1867;-91.6576
26.1;942.142;-400.624;418.489;-0.946939;22.1882;-112.064
26.2;943.404;-398.985;406.284;25.6931;9.52461;-131.931
26.3;947.156;-398.919;392.124;48.6089;-9.11084;-151.163
26.4;952.959;-400.974;376.076;66.5333;-32.7089;-169.667
26.5;960.262;-405.584;358.218;78.4627;-59.9975;-187.354
26.6;968.428;-413.048;338.635;83.7108;-89.5093;-204.14
26.7;976.769;-423.508;317.423;81.944;-119.659;-219.943
26.8;984.583;-436.947;294.682;73.1998;-148.826;-234.687
26.9;991.189;-453.188;270.523;57.8843;-175.443;-248.301
27;995.965;-471.902;245.061;36.7511;-198.076;-260.721
27.1;998.38;-492.628;218.421;10.8613;-215.499;-271.885
27.2;998.022;-514.796;190.728;-18.4726;-226.763;-281.74
27.3;994.62;-537.754;162.118;-49.7558;-231.243;-290.24
27.4;988.059;-560.808;132.727;-81.3901;-228.671;-297.342
27.5;978.384;-583.255;102.697;-111.759;-219.152;-303.013
27.6;965.801;-604.422;72.1729;-139.311;-203.156;-307.225
27.7;950.663;-623.697;41.3014;-162.645;-181.496;-309.958
27.8;933.453;-640.568;10.2311;-180.582;-155.283;-311.199
27.9;914.757;-654.646;-20.8885;-192.225;-125.867;-310.943
28;895.237;-665.685;-51.9076;-197.014;-94.7677;-309.189
28.1;875.591;-673.597;-82.6767;-194.745;-63.5931;-305.947
28.2;856.519;-678.455;-113.048;-185.592;-33.9542;-301.233
28.3;838.685;-680.49;-142.875;-170.087;-7.3805;-295.068
28.4;822.685;-680.079;-172.014;-149.1;14.7608;-287.483
28.5;809.01;-677.724;-200.325;-123.791;31.3373;-278.514
28.6;798.025;-674.026;-227.672;-95.5449;41.511;-268.205
28.7;789.948;-669.653;-253.923;-65.9039;44.7823;-256.604
28.8;784.837;-665.305;-278.952;-36.4821;41.017;-243.769
28.9;782.59;-661.678;-302.638;-8.88203;30.4529;-229.759
29;782.949;-659.422;-324.867;15.3903;13.6874;-214.644
29.1;785.513;-659.117;-345.532;35.0053;-8.35419;-198.496
29.2;789.758;-661.23;-364.534;48.8796;-34.4672;-181.392
29.3;795.07;-666.099;-381.782;56.2336;-63.2317;-163.415
29.4;800.772;-673.913;-397.191;56.6322;-93.087;-144.651
29.5;806.162;-684.699;-410.689;50.0083;-122.414;-125.191
29.6;810.549;-698.325;-422.209;36.6663;-149.623;-105.129
29.7;813.292;-714.503;-431.698;17.2654;-173.232;-84.5601
29.8;813.832;-732.808;-439.108;-7.2144;-191.952;-63.5844
29.9;811.721;-752.695;-444.404;-35.5245;-204.751;-42.3026
30;806.647;-773.535;-447.562;-66.2137;-210.908;-20.8172
30.1;798.451;-794.642;-448.564;-97.7044;-210.053;0.768444
30.2;787.134;-815.311;-447.408;-128.376;-202.186;22.3504
30.3;772.856;-834.857;-444.098;-156.652;-187.678;43.8247
30.4;755.932;-852.648;-438.65;-181.081;-167.248;65.0881
30.5;736.81;-868.143;-431.091;-200.413;-141.928;86.0381
30.6;716.053;-880.913;-421.456;-213.669;-113.011;106.574
30.7;694.302;-890.674;-409.793;-220.189;-81.9739;126.597
30.8;672.25;-897.29;-396.157;-219.669;-50.4097;146.01
30.9;650.602;-900.792;-380.614;-212.176;-19.9369;164.721
31;630.034;-901.367;-363.239;-198.144;7.88375;182.639
31.1;611.166;-899.352;-344.116;-178.354;31.6319;199.677
31.2;594.52;-895.217;-323.336;-153.888;50.1027;215.755
31.3;580.5;-889.539;-301;-126.075;62.3704;230.794
31.4;569.367;-882.97;-277.214;-96.4226;67.8374;244.721
31.5;561.224;-876.207;-252.095;-66.5322;66.2655;257.471
31.6;556.014;-869.948;-225.761;-38.0184;57.7887;268.982
31.7;553.523;-864.864;-198.341;-12.4225;42.9059;279.197
31.8;553.386;-861.554;-169.967;8.86884;22.4549;288.069
31.9;555.114;-860.521;-140.774;24.697;-2.43221;295.554
32;558.113;-862.143;-110.903;34.1923;-30.3886;301.616
32.1;561.722;-866.651;-80.499;36.8201;-59.885;306.227
32.2;565.242;-874.118;-49.7071;32.409;-89.3107;309.363
32.3;567.975;-884.457;-18.676;21.1601;-117.058;311.01
32.4;569.264;-897.422;12.4451;3.63582;-141.608;311.161
32.5;568.522;-912.626;43.5062;-19.2691;-161.609;309.813
32.6;565.269;-929.555;74.3579;-46.3754;-175.952;306.974
32.7;559.153;-947.6;104.852;-76.2811;-183.824;302.657
32.8;549.971;-966.087;134.841;-107.436;-184.753;296.883
32.9;537.678;-984.315;164.181;-138.224;-178.637;289.681
33;522.392;-1001.59;192.73;-167.046;-165.741;281.083
33.1;504.385;-1017.26;220.352;-192.408;-146.692;271.133
33.2;484.07;-1030.75;246.913;-212.997;-122.439;259.878
33.3;461.98;-1041.61;272.286;-227.752;-94.2072;247.372
33.4;438.74;-1049.51;296.348;-235.92;-63.4299;233.674
33.5;415.031;-1054.26;318.983;-237.094;-31.676;218.853
33.6;391.557;-1055.86;340.083;-231.237;-0.565178;202.977
33.7;369.007;-1054.45;359.546;-218.683;28.3169;186.125
33.8;348.021;-1050.32;377.278;-200.116;53.5027;168.376
33.9;329.152;-1043.92;393.195;-176.542;73.72;149.817
34;312.838;-1035.78;407.218;-149.226;87.9594;130.537
34.1;299.383;-1026.55;419.281;-119.633;95.5273;110.629
34.2;288.935;-1016.91;429.326;-89.3477;96.0827;90.1877
34.3;281.483;-1007.57;437.304;-59.9886;89.6553;69.3126
34.4;276.854;-999.2;443.177;-33.1262;76.6435;48.1038
34.5;274.726;-992.433;446.917;-10.1984;57.7941;26.6635
34.6;274.641;-987.801;448.506;7.56558;34.1619;5.09478
34.7;276.034;-985.717;447.935;19.2098;7.05477;-16.4984
34.8;278.257;-986.457;445.209;24.1022;-22.0357;-38.0122
34.9;280.619;-990.138;440.339;21.9677;-51.5131;-59.343
35;282.419;-996.718;433.35;12.9033;-79.7603;-80.3882
35.1;282.983;-1006;424.274;-2.62749;-105.225;-101.046
35.2;281.704;-1017.62;413.156;-23.8192;-126.502;-121.218
35.3;278.067;-1031.12;400.05;-49.5665;-142.407;-140.806
35.4;271.683;-1045.89;385.018;-78.5229;-152.039;-159.717
35.5;262.305;-1061.3;368.132;-109.172;-154.828;-177.859
35.6;249.845;-1076.62;349.475;-139.907;-150.566;-195.144
35.7;234.375;-1091.18;329.135;-169.116;-139.417;-211.49
35.8;216.124;-1104.29;307.211;-195.268;-121.908;-226.818
35.9;195.47;-1115.38;283.807;-216.991;-98.9025;-241.055
36;172.913;-1123.93;259.038;-233.147;-71.554;-254.131
36.1;149.055;-1129.59;233.022;-242.893;-41.2452;-265.983
36.2;124.565;-1132.13;205.884;-245.722;-9.51511;-276.555
36.3;100.147;-1131.5;177.755;-241.491;22.0224;-285.796
36.4;76.4958;-1127.79;148.771;-230.432;51.7635;-293.662
36.5;54.2691;-1121.26;119.07;-213.135;78.1996;-300.113
36.6;34.047;-1112.3;88.7965;-190.519;99.9964;-305.12
36.7;16.3034;-1101.45;58.0952;-163.783;116.065;-308.659
36.8;1.38103;-1089.31;27.1143;-134.344;125.619;-310.711
36.9;-10.5269;-1076.56;-3.99716;-103.76;128.215;-311.268
37;-19.3867;-1063.9;-35.0894;-73.6495;123.78;-310.327
37.1;-25.3259;-1052.03;-66.0126;-45.6054;112.609;-307.891
37.2;-28.6265;-1041.58;-96.6182;-21.1104;95.3543;-303.974
37.3;-29.71;-1033.13;-126.759;-1.45928;72.9903;-298.593
37.4;-29.1152;-1027.11;-156.289;12.3097;46.76;-291.775
37.5;-27.4693;-1023.86;-185.067;19.4697;18.1111;-283.553
37.6;-25.4551;-1023.52;-212.954;19.6432;-11.3811;-273.965
37.7;-23.7748;-1026.11;-239.816;12.8228;-40.0968;-263.059
37.8;-23.1126;-1031.46;-265.523;-0.629292;-66.457;-250.887
37.9;-24.0989;-1039.27;-289.953;-19.9997;-89.0074;-237.506
38;-27.2764;-1049.09;-312.987;-44.262;-106.495;-222.983
38.1;-33.0721;-1060.37;-334.514;-72.1306;-117.933;-207.386
38.2;-41.774;-1072.45;-354.431;-102.129;-122.657;-190.791
38.3;-53.5161;-1084.66;-372.641;-132.667;-120.354;-173.278
38.4;-68.2714;-1096.29;-389.058;-162.127;-111.085;-154.93
38.5;-85.8531;-1106.66;-403.603;-188.945;-95.2762;-135.837
38.6;-105.924;-1115.15;-416.204;-211.698;-73.7013;-116.089
38.7;-128.016;-1121.24;-426.802;-229.175;-47.438;-95.7833
38.8;-151.552;-1124.53;-435.345;-240.447;-17.8116;-75.0162
38.9;-175.878;-1124.74;-441.793;-244.907;13.6747;-53.8879
39;-200.297;-1121.78;-446.114;-242.311;45.4196;-32.5003
39.1;-224.108;-1115.71;-448.288;-232.785;75.8079;-10.9562
39.2;-246.638;-1106.72;-448.304;-216.82;103.296;10.6406
39.3;-267.284;-1095.19;-446.161;-195.249;126.493;32.1862
39.4;-285.538;-1081.6;-441.871;-169.198;144.235;53.5769
39.5;-301.019;-1066.55;-435.455;-140.029;155.646;74.7097
39.6;-313.49;-1050.7;-426.942;-109.27;160.185;95.4829
39.7;-322.874;-1034.75;-416.373;-78.5304;157.671;115.796
39.8;-329.251;-1019.4;-403.801;-49.4189;148.298;135.552
39.9;-332.863;-1005.3;-389.285;-23.4571;132.622;154.656
40;-334.093;-993.057;-372.894;-2.00002;111.531;173.015
40.1;-333.451;-983.141;-354.709;13.8361;86.1979;190.542
40.2;-331.541;-975.913;-334.817;23.2325;58.021;207.151
40.3;-329.036;-971.58;-313.312;25.7111;28.5481;222.763
40.4;-326.635;-970.192;-290.3;21.1598;-0.604984;237.302
40.5;-325.031;-971.637;-265.89;9.83832;-27.8393;250.7
40.6;-324.873;-975.646;-240.2;-7.63528;-51.6576;262.89
40.7;-326.732;-981.81;-213.354;-30.3175;-70.7431;273.815
40.8;-331.07;-989.601;-185.481;-56.9892;-84.0293;283.422
40.9;-338.216;-998.397;-156.715;-86.2198;-90.7562;291.665
41;-348.347;-1007.52;-127.195;-116.443;-90.5104;298.504
41.1;-361.483;-1016.26;-97.0624;-146.04;-83.2472;303.906
41.2;-377.481;-1023.94;-66.4627;-173.423;-69.2923;307.845
41.3;-396.045;-1029.92;-35.543;-197.122;-49.3256;310.302
41.4;-416.74;-1033.64;-4.45215;-215.861;-24.3445;311.265
41.5;-439.017;-1034.66;26.6601;-228.624;4.3886;310.73
41.6;-462.241;-1032.69;57.644;-234.712;35.4127;308.699
41.7;-485.724;-1027.56;88.3504;-233.775;67.1456;305.183
41.8;-508.762;-1019.29;118.632;-225.837;97.9674;300.197
41.9;-530.67;-1008.05;148.342;-211.289;126.306;293.766
42;-550.823;-994.158;177.338;-190.87;150.72;285.921
42.1;-568.683;-978.076;205.48;-165.63;169.976;276.7
42.2;-583.831;-960.368;232.633;-136.873;183.11;266.147
42.3;-595.989;-941.68;258.667;-106.087;189.485;254.313
42.4;-605.034;-922.706;283.455;-74.8678;188.817;241.254
42.5;-611.002;-904.149;306.879;-44.8322;181.196;227.034
42.6;-614.092;-886.685;328.825;-17.5349;167.078;211.722
42.7;-614.648;-870.925;349.189;5.61469;147.261;195.39
42.8;-613.148;-857.386;367.872;23.427;122.846;178.118
42.9;-610.172;-846.465;384.784;34.9949;95.1737;159.988
43;-606.377;-838.41;399.844;39.7413;65.7581;141.088
43.1;-602.459;-833.318;412.979;37.4503;36.2047;121.509
43.2;-599.117;-831.12;424.126;28.2779;8.12565;101.345
43.3;-597.016;-831.592;433.232;12.7444;-16.945;80.6932
43.4;-596.753;-834.362;440.252;-8.29376;-37.6324;59.653
43.5;-598.821;-838.933;445.153;-33.6887;-52.7937;38.3256
43.6;-603.59;-844.708;447.911;-62.0619;-61.5784;16.8137
43.7;-611.282;-851.018;448.513;-91.8772;-63.4728;-4.77907
43.8;-621.96;-857.166;446.956;-121.522;-58.3278;-26.3489
43.9;-635.527;-862.456;443.247;-149.39;-46.3665;-47.7918
44;-651.728;-866.231;437.405;-173.973;-28.1722;-69.0047
44.1;-670.167;-867.912;429.457;-193.931;-4.65791;-89.8854
44.2;-690.323;-867.024;419.442;-208.17;22.9819;-110.334
44.3;-711.583;-863.225;407.408;-215.897;53.3346;-130.25
44.4;-733.269;-856.319;393.413;-216.663;84.8438;-149.54
44.5;-754.68;-846.271;377.524;-210.385;115.892;-168.111
44.6;-775.12;-833.209;359.818;-197.354;144.884;-185.871
44.7;-793.946;-817.413;340.38;-178.214;170.335;-202.738
44.8;-810.591;-799.304;319.303;-153.933;190.945;-218.628
44.9;-824.602;-779.421;296.689;-125.75;205.671;-233.466
45;-835.659;-758.391;272.648;-95.109;213.779;-247.18
45.1;-843.594;-736.9;247.293;-63.5839;214.883;-259.704
45.2;-848.4;-715.65;220.748;-32.7945;208.969;-270.978
45.3;-850.23;-695.329;193.141;-4.32138;196.392;-280.948
45.4;-849.39;-676.571;164.604;20.3775;177.857;-289.565
45.5;-846.323;-659.923;135.275;40.0442;154.386;-296.788
45.6;-841.583;-645.816;105.294;53.6868;127.259;-302.583
45.7;-835.81;-634.544;74.8066;60.632;97.9496;-306.921
45.8;-829.692;-626.246;43.959;60.5608;68.0456;-309.782
45.9;-823.931;-620.901;12.8999;53.5249;39.166;-311.152
46;-819.206;-618.326;-18.2214;39.9444;12.8753;-311.023
46.1;-816.135;-618.191;-49.2549;20.5855;-9.39953;-309.398
46.2;-815.246;-620.031;-80.0513;-3.4801;-26.4439;-306.283
46.3;-816.945;-623.274;-110.462;-30.9317;-37.3201;-301.694
46.4;-821.496;-627.268;-140.342;-60.2694;-41.4166;-295.653
46.5;-829.009;-631.322;-169.546;-89.8933;-38.4806;-288.189
46.6;-839.43;-634.733;-197.933;-118.188;-28.6311;-279.337
46.7;-852.55;-636.833;-225.368;-143.608;-12.353;-269.14
46.8;-868.009;-637.016;-251.718;-164.759;9.52909;-257.649
46.9;-885.32;-634.777;-276.856;-180.473;35.8938;-244.916
47;-903.892;-629.732;-300.662;-189.866;65.3825;-231.005
47.1;-923.063;-621.646;-323.02;-192.39;96.4712;-215.982
47.2;-942.134;-610.438;-343.824;-187.86;127.551;-199.919
47.3;-960.405;-596.19;-362.972;-176.46;157.012;-182.894
47.4;-977.214;-579.141;-380.373;-158.74;183.33;-164.989
47.5;-991.971;-559.675;-395.944;-135.581;205.146;-146.289
47.6;-1004.19;-538.3;-409.608;-108.152;221.339;-126.885
47.7;-1013.5;-515.623;-421.3;-77.8465;231.084;-106.871
47.8;-1019.71;-492.315;-430.965;-46.2109;233.894;-86.3415
47.9;-1022.76;-469.08;-438.555;-14.8606;229.651;-65.3968
48;-1022.75;-446.613;-444.034;14.6045;218.607;-44.1373
48.1;-1019.95;-425.566;-447.375;40.6839;201.372;-22.6653
48.2;-1014.77;-406.514;-448.563;62.0564;178.885;-1.08419
48.3;-1007.73;-389.924;-447.592;77.6497;152.358;20.5021
48.4;-999.457;-376.13;-444.466;86.6969;123.22;41.9897
48.5;-990.625;-365.316;-439.2;88.7772;93.0329;63.2752
48.6;-981.937;-357.505;-431.821;83.8379;63.4173;84.2562
48.7;-974.082;-352.56;-422.363;72.1974;35.961;104.831
48.8;-967.699;-350.191;-410.871;54.5281;12.1373;124.902
48.9;-963.345;-349.968;-397.402;31.8212;-6.77249;144.372
49;-961.461;-351.347;-382.02;5.33415;-19.7476;163.146
49.1;-962.356;-353.695;-364.799;-23.4758;-26.081;181.135
49.2;-966.182;-356.329;-345.822;-53.0284;-25.4173;198.253
49.3;-972.932;-358.545;-325.181;-81.704;-17.7711;214.416
49.4;-982.44;-359.662;-302.974;-107.929;-3.52642;229.546
49.5;-994.388;-359.054;-279.308;-130.259;16.5836;243.572
49.6;-1008.32;-356.184;-254.298;-147.456;41.5154;256.426
49.7;-1023.67;-350.633;-228.064;-158.551;69.9701;268.045
49.8;-1039.8;-342.122;-200.732;-162.899;100.462;278.373
49.9;-1056.02;-330.525;-172.434;-160.21;131.398;287.362
50;-1071.61;-315.881;-143.306;-150.566;161.16;294.967
50.1;-1085.91;-298.385;-113.488;-134.416;188.192;301.153
50.2;-1098.31;-278.381;-83.1239;-112.552;211.08;305.889
50.3;-1108.27;-256.347;-52.3595;-86.0684;228.63;309.152
50.4;-1115.41;-232.864;-21.343;-56.3033;239.929;310.928
50.5;-1119.47;-208.59;9.77616;-24.7676;244.393;311.206
50.6;-1120.36;-184.222;40.8483;6.93427;241.799;309.987
50.7;-1118.13;-160.462;71.7238;37.1892;232.294;307.275
50.8;-1113.02;-137.977;102.254;64.4607;216.393;303.085
50.9;-1105.39;-117.369;132.292;87.3698;194.944;297.435
51;-1095.73;-99.1361;161.693;104.768;169.092;290.354
51.1;-1084.65;-83.6522;190.316;115.799;140.209;281.874
51.2;-1072.8;-71.1445;218.023;119.94;109.83;272.038
51.3;-1060.89;-61.6824;244.68;117.036;79.5678;260.893
51.4;-1049.62;-55.1734;270.16;107.302;51.0267;248.492
51.5;-1039.64;-51.3688;294.339;91.3133;25.7209;234.894
51.6;-1031.54;-49.8761;317.101;69.9768;4.99266;220.166
51.7;-1025.79;-50.1803;338.337;44.4813;-10.0581;204.378
51.8;-1022.73;-51.6709;357.944;16.2356;-18.6319;187.606
51.9;-1022.58;-53.6745;375.828;-13.2065;-20.2722;169.931
52;-1025.36;-55.4902;391.903;-42.2277;-14.8891;151.439
52.1;-1030.96;-56.4266;406.091;-69.2331;-2.7643;132.217
52.2;-1039.09;-55.8387;418.325;-92.7341;15.4636;112.358
52.3;-1049.34;-53.1617;428.545;-111.427;38.8333;91.9593
52.4;-1061.18;-47.9411;436.702;-124.263;66.1111;71.1175
52.5;-1073.98;-39.8567;442.757;-130.502;95.8564;49.9333
52.6;-1087.05;-28.7397;446.68;-129.751;126.497;28.5088
52.7;-1099.69;-14.5813;448.454;-121.988;156.415;6.94707
52.8;-1111.22;2.46615;448.069;-107.561;184.026;-14.6481
52.9;-1121;22.0978;445.527;-87.1698;207.87;-36.1728
53;-1128.49;43.872;440.84;-61.8287;226.686;-57.5233
53.1;-1133.25;67.2333;434.031;-32.8141;239.474;-78.597
53.2;-1134.98;91.5422;425.133;-1.59632;245.555;-99.2923
53.3;-1133.54;116.109;414.189;30.2381;244.603;-119.51
53.4;-1128.96;140.229;401.25;61.0698;236.662;-139.152
53.5;-1121.42;163.221;386.381;89.3325;222.145;-158.124
53.6;-1111.23;184.463;369.651;113.595;201.811;-176.335
53.7;-1098.87;203.424;351.142;132.639;176.727;-193.697
53.8;-1084.91;219.693;330.943;145.519;148.209;-210.127
53.9;-1070;233.001;309.15;151.616;117.753;-225.545
54;-1054.82;243.233;285.87;150.672;86.9595;-239.878
54.1;-1040.09;250.435;261.213;142.796;57.4432;-253.056
54.2;-1026.48;254.816;235.299;128.466;30.7522;-265.016
54.3;-1014.59;256.727;208.253;108.5;8.28461;-275.7
54.4;-1004.93;256.653;180.203;84.0135;-8.78546;-285.057
54.5;-997.892;255.181;151.287;56.361;-19.5694;-293.042
54.6;-993.714;252.968;121.642;27.0635;-23.5113;-299.616
54.7;-992.481;250.714;91.4117;-2.27108;-20.4172;-304.748
54.8;-994.116;249.115;60.7414;-30.0329;-10.4655;-308.413
54.9;-998.384;248.832;29.7786;-54.6955;5.80286;-310.594
55;-1004.91;250.457;-1.3275;-74.8961;27.5124;-311.279
55.1;-1013.18;254.478;-32.4272;-89.508;53.4999;-310.466
55.2;-1022.59;261.254;-63.3708;-97.6995;82.3754;-308.158
55.3;-1032.48;270.998;-94.0094;-98.9784;112.596;-304.367
55.4;-1042.15;283.764;-124.195;-93.2178;142.547;-299.111
55.5;-1050.9;299.445;-153.784;-80.6626;170.627;-292.415
55.6;-1058.08;317.777;-182.632;-61.917;195.333;-284.312
55.7;-1063.11;338.354;-210.6;-37.912;215.34;-274.84
55.8;-1065.52;360.652;-237.555;-9.85704;229.571;-264.045
55.9;-1064.99;384.049;-263.367;20.8247;237.252;-251.979
56;-1061.32;407.868;-287.911;52.571;237.954;-238.7
56.1;-1054.5;431.405;-311.069;83.7631;231.619;-224.272
56.2;-1044.64;453.967;-332.729;112.811;218.557;-208.764
56.3;-1032.05;474.913;-352.788;138.239;199.433;-192.252
56.4;-1017.16;493.683;-371.149;158.76;175.234;-174.814
56.5;-1000.5;509.832;-387.723;173.348;147.211;-156.534
56.6;-982.712;523.046;-402.43;181.289;116.82;-137.501
56.7;-964.478;533.169;-415.201;182.22;85.6377;-117.806
56.8;-946.502;540.202;-425.973;176.148;55.2848;-97.5444
56.9;-929.47;544.306;-434.694;163.449;27.3365;-76.8129
57;-914.01;545.798;-441.323;144.85;3.24055;-55.7116
57.1;-900.663;545.125;-445.827;121.388;-15.7593;-34.3422
57.2;-889.852;542.849;-448.186;94.3572;-28.6891;-12.8075
57.3;-881.862;539.612;-448.387;65.2398;-34.8958;8.7889
57.4;-876.821;536.105;-446.429;35.6278;-34.0824;30.343
57.5;-874.699;533.028;-442.323;7.13917;-26.3229;51.751
57.6;-875.303;531.058;-436.088;-18.6679;-12.0588;72.9099
57.7;-878.295;530.808;-427.753;-40.3771;7.92428;93.7178
57.8;-883.202;532.798;-417.359;-56.7891;32.5381;114.075
57.9;-889.445;537.426;-404.956;-66.9843;60.4494;133.882
58;-896.371;544.948;-390.604;-70.3722;90.1502;153.046
58.1;-903.284;555.463;-374.372;-66.7218;120.037;171.472
58.2;-909.484;568.908;-356.337;-56.1746;148.497;189.073
58.3;-914.304;585.063;-336.587;-39.2362;173.992;205.764
58.4;-917.145;603.561;-315.217;-16.7506;195.138;221.465
58.5;-917.507;623.906;-292.33;10.1451;210.782;236.099
58.6;-915.015;645.504;-268.035;40.0804;220.062;249.597
58.7;-909.44;667.688;-242.451;71.5241;222.449;261.893
58.8;-900.713;689.758;-215.699;102.865;217.779;272.929
58.9;-888.924;711.015;-187.909;132.496;206.26;282.651
59;-874.322;730.799;-159.214;158.901;188.462;291.013
59.1;-857.297;748.527;-129.753;180.734;165.284;297.973
59.2;-838.365;763.716;-99.6672;196.888;137.911;303.499
59.3;-818.137;776.015;-69.1017;206.559;107.747;307.565
59.4;-797.286;785.224;-38.2036;209.282;76.3453;310.149
59.5;-776.516;791.297;-7.12164;204.959;45.3214;311.241
59.6;-756.521;794.354;23.9946;193.866;16.2723;310.835
59.7;-737.949;794.667;54.9954;176.632;-9.3107;308.932
59.8;-721.368;792.652;85.7314;154.214;-30.1194;305.542
59.9;-707.238;788.839;116.055;127.839;-45.0984;300.682
60;-695.885;783.852;145.819;98.946;-53.5006;294.374
60.1;-687.481;778.372;174.882;69.103;-54.9268;286.649
60.2;-682.042;773.101;203.103;39.9299;-49.3466;277.544
60.3;-679.42;768.726;230.346;13.0099;-37.1001;267.103
60.4;-679.315;765.881;256.481;-10.1929;-18.8799;255.377
60.5;-681.292;765.116;281.381;-28.4114;4.30542;242.421
60.6;-684.797;766.866;304.926;-40.6422;31.1847;228.298
60.7;-689.197;771.428;327.004;-46.1987;60.2911;213.076
60.8;-693.802;778.946;347.507;-44.747;90.04;196.829
60.9;-697.913;789.403;366.338;-36.3242;118.812;179.634
61;-700.847;802.623;383.405;-21.3358;145.04;161.574
61.1;-701.985;818.278;398.627;-0.534719;167.289;142.737
61.2;-700.795;835.907;411.93;25.0187;184.335;123.212
61.3;-696.866;854.939;423.249;54.0125;195.229;103.095
61.4;-689.927;874.726;432.532;84.9528;199.344;82.481
61.5;-679.864;894.572;439.732;116.242;196.414;61.4702
61.6;-666.721;913.776;444.816;146.264;186.542;40.1634
61.7;-650.705;931.664;447.759;173.468;170.199;18.6633
61.8;-632.169;947.627;448.546;196.454;148.197;-2.92658
61.9;-611.595;961.151;447.174;214.041;121.644;-24.5024
62;-589.571;971.848;443.649;225.334;91.8926;-45.9603
62.1;-566.758;979.473;437.989;229.772;60.4604;-67.197
62.2;-543.853;983.938;430.221;227.151;28.9546;-88.1101
62.3;-521.558;985.315;420.381;217.644;-1.0139;-108.599
62.4;-500.537;983.837;408.518;201.784;-27.916;-128.565
62.5;-481.385;979.881;394.689;180.439;-50.3849;-147.913
62.6;-464.594;973.947;378.959;154.768;-67.2881;-166.548
62.7;-450.53;966.637;361.406;126.157;-77.7875;-184.382
62.8;-439.41;958.62;342.113;96.1455;-81.3833;-201.328
62.9;-431.294;950.596;321.173;66.3485;-77.941;-217.305
63;-426.08;943.26;298.686;38.3676;-67.6978;-232.236
63.1;-423.509;937.264;274.763;13.7085;-51.2504;-246.049
63.2;-423.182;933.187;249.516;-6.29944;-29.5235;-258.678
63.3;-424.577;931.496;223.069;-20.5728;-3.72103;-270.061
63.4;-427.079;932.531;195.547;-28.3319;24.7377;-280.145
63.5;-430.011;936.481;167.085;-29.1414;54.2929;-288.88
63.6;-432.672;943.373;137.818;-22.9338;83.3264;-296.224
63.7;-434.373;953.075;107.887;-10.0127;110.247;-302.143
63.8;-434.472;965.302;77.4375;8.963;133.577;-306.607
63.9;-432.41;979.627;46.6151;33.0142;152.024;-309.595
64;-427.741;995.509;15.5682;60.893;164.557;-311.093
64.1;-420.152;1012.32;-15.5535;91.149;170.456;-311.093
64.2;-409.484;1029.37;-46.6004;122.205;169.35;-309.596
64.3;-395.738;1045.95;-77.423;152.442;161.239;-306.609
64.4;-379.076;1061.39;-107.873;180.283;146.492;-302.145
64.5;-359.81;1075.05;-137.804;204.276;125.83;-296.227
64.6;-338.391;1086.39;-167.071;223.174;100.283;-288.884
64.7;-315.379;1094.99;-195.534;235.996;71.1418;-280.149
64.8;-291.417;1100.55;-223.056;242.082;39.8854;-270.066
64.9;-267.198;1102.95;-249.504;241.129;8.10456;-258.684
65;-243.425;1102.21;-274.751;233.202;-22.5824;-246.056
65.1;-220.777;1098.52;-298.675;218.736;-50.6151;-232.243
65.2;-199.871;1092.22;-321.162;198.51;-74.5734;-217.312
65.3;-181.231;1083.78;-342.103;173.607;-93.2528;-201.336
65.4;-165.262;1073.78;-361.397;145.355;-105.727;-184.39
65.5;-152.222;1062.86;-378.952;115.259;-111.399;-166.557
65.6;-142.218;1051.73;-394.682;84.9217;-110.03;-147.922
65.7;-135.192;1041.09;-408.512;55.9569;-101.753;-128.575
65.8;-130.929;1031.6;-420.376;29.9054;-87.0674;-108.609
65.9;-129.067;1023.86;-430.216;8.15361;-66.8092;-88.1199
66;-129.116;1018.39;-437.986;-8.13988;-42.1103;-67.2069
66.1;-130.483;1015.54;-443.647;-18.1053;-14.3367;-45.9704
66.2;-132.507;1015.57;-447.173;-21.2078;14.9831;-24.5126
66.3;-134.489;1018.54;-448.546;-17.2756;44.2387;-2.93679
66.4;-135.733;1024.36;-447.76;-6.50914;71.8232;18.6532
66.5;-135.581;1032.8;-444.818;10.5296;96.2178;40.1533
66.6;-133.447;1043.45;-439.735;32.9468;116.072;61.4602
66.7;-128.851;1055.82;-432.536;59.5637;130.276;82.4712
66.8;-121.441;1069.29;-423.254;88.9793;138.016;103.085
66.9;-111.013;1083.19;-411.935;119.644;138.822;123.203
67;-97.5241;1096.82;-398.633;149.942;132.589;142.728
67.1;-81.0905;1109.48;-383.413;178.275;119.585;161.565
67.2;-61.9847;1120.53;-366.346;203.15;100.433;179.625
67.3;-40.6201;1129.4;-347.516;223.254;76.083;196.821
67.4;-17.5291;1135.62;-327.014;237.526;47.7585;213.069
67.5;6.66467;1138.86;-304.937;245.212;16.8933;228.291
67.6;31.2793;1138.96;-281.392;245.907;-14.9448;242.414
67.7;55.6107;1135.9;-256.493;239.571;-46.1366;255.371
67.8;78.9694;1129.81;-230.359;226.539;-75.0971;267.098
67.9;100.717;1121;-203.116;207.495;-100.359;277.539
68;120.301;1109.9;-174.896;183.443;-120.65;286.645
68.1;137.28;1097.07;-145.833;155.649;-134.962;294.37
68.2;151.354;1083.13;-116.069;125.576;-142.599;300.679
68.3;162.372;1068.78;-85.7459;94.8082;-143.222;305.54
68.4;170.347;1054.72;-55.01;64.9641;-136.858;308.931
68.5;175.448;1041.63;-24.0093;37.6138;-123.907;310.834
68.6;178.001;1030.14;7.10692;14.1946;-105.115;311.241
68.7;178.46;1020.77;38.189;-4.06424;-81.5342;310.15
68.8;177.393;1013.95;69.0872;-16.2067;-54.4734;307.566
68.9;175.445;1009.94;99.6528;-21.6004;-25.4231;303.502
69;173.308;1008.88;129.739;-19.9703;4.0209;297.976
69.1;171.683;1010.71;159.2;-11.4125;32.2422;291.016
69.2;171.242;1015.23;187.895;3.61002;57.6889;282.655
69.3;172.594;1022.1;215.686;24.2923;78.9559;272.934
69.4;176.253;1030.84;242.438;49.5299;94.8589;261.899
69.5;182.608;1040.87;268.024;77.9771;104.497;249.603
69.6;191.905;1051.51;292.319;108.118;107.3;236.106
69.7;204.234;1062.09;315.207;138.347;103.06;221.472
69.8;219.523;1071.9;336.578;167.052;91.9404;205.772
69.9;237.543;1080.27;356.328;192.703;74.4673;189.081
70;257.916;1086.61;374.364;213.928;51.5038;171.481
70.1;280.142;1090.42;390.597;229.59;24.2025;153.054
70.2;303.62;1091.35;404.95;238.845;-6.0545;133.892
70.3;327.68;1089.16;417.354;241.186;-37.7289;114.084
70.4;351.621;1083.81;427.748;236.471;-69.2073;93.7276
70.5;374.745;1075.38;436.084;224.93;-98.8865;72.9198
70.6;396.398;1064.14;442.321;207.152;-125.258;51.7611
70.7;415.998;1050.49;446.428;184.056;-146.988;30.3531
70.8;433.071;1034.94;448.386;156.842;-162.988;8.79911
70.9;447.275;1018.11;448.186;126.925;-172.471;-12.7973
71;458.418;1000.67;445.829;95.8621;-174.995;-34.3321
71.1;466.464;983.343;441.325;65.2719;-170.483;-55.7016
71.2;471.541;966.803;434.698;36.7465;-159.233;-76.803
71.3;473.931;951.7;425.977;11.7683;-141.895;-97.5347
71.4;474.057;938.595;415.206;-8.36795;-119.444;-117.797
71.5;472.455;927.941;402.437;-22.6241;-93.1208;-137.492
71.6;469.753;920.052;387.73;-30.2729;-64.3732;-156.525
71.7;466.634;915.095;371.157;-30.9368;-34.7758;-174.805
71.8;463.8;913.072;352.797;-24.6078;-5.94794;-192.244
71.9;461.934;913.827;332.739;-11.6475;20.532;-208.757
72;461.668;917.051;311.079;7.23128;43.21;-224.265
72.1;463.545;922.299;287.922;31.0029;60.833;-238.693
72.2;467.99;929.015;263.379;58.3825;72.4154;-251.973
72.3;475.293;936.558;237.568;87.8943;77.2906;-264.039
72.4;485.587;944.238;210.613;117.949;75.1469;-274.835
72.5;498.847;951.354;182.645;146.929;66.0435;-284.308
72.6;514.885;957.228;153.797;173.271;50.4075;-292.412
72.7;533.365;961.243;124.21;195.553;29.0113;-299.108
72.8;553.819;962.874;94.0238;212.565;2.93184;-304.365
72.9;575.67;961.717;63.3854;223.375;-26.5062;-308.157
73;598.266;957.51;32.4419;227.379;-57.8004;-310.465
73.1;620.91;950.148;1.34222;224.33;-89.35;-311.279
73.2;642.9;939.686;-29.7639;214.356;-119.54;-310.594
73.3;663.566;926.337;-60.7268;197.947;-146.828;-308.415
73.4;682.302;910.464;-91.3973;175.934;-169.824;-304.75
73.5;698.603;892.555;-121.628;149.444;-187.362;-299.619
73.6;712.086;873.203;-151.273;119.838;-198.568;-293.045
73.7;722.517;853.071;-180.19;88.6418;-202.899;-285.061
73.8;729.815;832.859;-208.24;57.4662;-200.176;-275.705
73.9;734.065;813.266;-235.287;27.9185;-190.591;-265.021
74;735.504;794.952;-261.201;1.52033;-174.7;-253.062
74.1;734.519;778.507;-285.858;-20.3737;-153.39;-239.885
74.2;731.618;764.417;-309.14;-36.6475;-127.833;-225.552
74.3;727.405;753.036;-330.933;-46.4819;-99.4273;-210.135
74.4;722.553;744.575;-351.133;-49.3987;-69.7198;-193.705
74.5;717.761;739.082;-369.643;-45.2854;-40.3258;-176.343
74.6;713.723;736.446;-386.373;-34.4013;-12.8437;-158.133
74.7;711.087;736.399;-401.244;-17.3636;11.2296;-139.161
74.8;710.424;738.534;-414.183;4.8848;30.5774;-119.519
74.9;712.197;742.321;-425.128;31.1255;44.1334;-99.3019
75;716.735;747.141;-434.027;59.9286;51.1374;-78.6068
75.1;724.217;752.315;-440.837;89.7287;51.1758;-57.5334
75.2;734.66;757.141;-445.525;118.907;44.2032;-36.1829
75.3;747.924;760.932;-448.068;145.877;30.5451;-14.6583
75.4;763.713;763.049;-448.454;169.169;10.8807;6.93686
75.5;781.592;762.94;-446.682;187.507;-13.7936;28.4986
75.6;801.014;760.165;-442.759;199.876;-42.2157;49.9232
75.7;821.344;754.42;-436.705;205.574;-72.9256;71.1075
75.8;841.894;745.556;-428.549;204.255;-104.342;91.9495
75.9;861.961;733.583;-418.33;195.939;-134.845;112.349
76;880.861;718.67;-406.097;181.018;-162.863;132.207
76.1;897.968;701.141;-391.91;160.231;-186.956;151.43
76.2;912.746;681.452;-375.836;134.627;-205.889;169.923
76.3;924.776;660.168;-357.952;105.509;-218.7;187.598
76.4;933.78;637.938;-338.346;74.3638;-224.751;204.37
76.5;939.634;615.454;-317.111;42.7872;-223.757;220.159
76.6;942.377;593.42;-294.35;12.3958;-215.809;234.887
76.7;942.205;572.51;-270.171;-15.2563;-201.361;248.485
76.8;939.464;553.338;-244.692;-38.76;-181.212;260.887
76.9;934.631;536.422;-218.036;-56.9258;-156.461;272.033
77;928.288;522.155;-190.329;-68.8465;-128.449;281.87
77.1;921.09;510.79;-161.707;-73.9449;-98.689;290.35
77.2;913.735;502.422;-132.306;-72.0046;-68.7857;297.432
77.3;906.92;496.984;-102.268;-63.1813;-40.351;303.082
77.4;901.312;494.252;-71.7383;-47.9944;-14.9185;307.274
77.5;897.506;493.854;-40.8629;-27.2999;6.13717;309.986
77.6;895.998;495.294;-9.79087;-2.24485;21.6732;311.206
77.7;897.157;497.976;21.3283;25.793;30.839;310.928
77.8;901.205;501.232;52.3449;55.278;33.1206;309.154
77.9;908.207;504.364;83.1094;84.5979;28.3687;305.891
78;918.065;506.677;113.474;112.149;16.8055;301.156
78.1;930.527;507.517;143.292;136.42;-0.985964;294.971
78.2;945.195;506.302;172.421;156.074;-24.0935;287.366
78.3;961.55;502.56;200.719;170.015;-51.3235;278.378
78.4;978.98;495.947;228.052;177.453;-81.2639;268.05
78.5;996.808;486.268;254.286;177.936;-112.359;256.431
78.6;1014.33;473.49;279.297;171.382;-142.992;243.578
78.7;1030.86;457.739;302.963;158.08;-171.568;229.553
78.8;1045.74;439.295;325.17;138.675;-196.604;214.423
78.9;1058.42;418.58;345.813;114.135;-216.798;198.26
79;1068.44;396.132;364.791;85.6959;-231.109;181.144
79.1;1075.48;372.58;382.013;54.8029;-238.801;163.155
79.2;1079.37;348.607;397.395;23.0287;-239.49;144.381
79.3;1080.11;324.917;410.865;-8.00734;-233.16;124.912
79.4;1077.85;302.198;422.358;-36.7251;-220.166;104.841
79.5;1072.89;281.083;431.817;-61.667;-201.213;84.266
79.6;1065.68;262.12;439.197;-81.5751;-177.322;63.2852
79.7;1056.78;245.741;444.464;-95.4577;-149.772;41.9999
79.8;1046.81;232.239;447.591;-102.641;-120.036;20.5123
79.9;1036.48;221.754;448.563;-102.806;-89.7015;-1.07398
80;1026.49;214.265;447.376;-96.0042;-60.3871;-22.6551
80.1;1017.5;209.591;444.036;-82.6546;-33.6567;-44.1272
80.2;1010.15;207.4;438.558;-63.523;-10.937;-65.3868
80.3;1004.96;207.228;430.969;-39.6803;6.55738;-86.3317
80.4;1002.33;208.505;421.305;-12.4465;17.8888;-106.861
80.5;1002.53;210.579;409.614;16.6792;22.4456;-126.876
80.6;1005.67;212.759;395.95;46.0975;19.9744;-146.28
80.7;1011.7;214.343;380.381;74.1936;10.5939;-164.98
80.8;1020.42;214.662;362.981;99.4224;-5.21176;-182.886
80.9;1031.45;213.113;343.833;120.39;-26.6185;-199.912
81;1044.31;209.188;323.031;135.928;-52.5059;-215.975
81.1;1058.42;202.507;300.673;145.153;-81.5159;-230.998
81.2;1073.11;192.832;276.868;147.518;-112.125;-244.91
81.3;1087.69;180.082;251.73;142.835;-142.725;-257.643
81.4;1101.45;164.341;225.381;131.289;-171.708;-269.135
81.5;1113.73;145.846;197.946;113.43;-197.548;-279.332
81.6;1123.95;124.981;169.559;90.1368;-218.889;-288.185
81.7;1131.62;102.256;140.356;62.5791;-234.607;-295.65
81.8;1136.37;78.2758;110.477;32.1497;-243.878;-301.692
81.9;1138;53.7125;80.0658;0.3937;-246.217;-306.281
82;1136.46;29.2685;49.2695;-31.074;-241.503;-309.397
82.1;1131.85;5.63956;18.2361;-60.6538;-229.989;-311.023
82.2;1124.44;-16.522;-12.8852;-86.8455;-212.284;-311.152
82.3;1114.64;-36.6413;-43.9444;-108.328;-189.326;-309.783
82.4;1102.97;-54.2518;-74.792;-124.03;-162.328;-306.923
82.5;1090.05;-69.0193;-105.28;-133.183;-132.715;-302.585
82.6;1076.57;-80.7597;-135.261;-135.367;-102.053;-296.791
82.7;1063.22;-89.4488;-164.59;-130.529;-71.9584;-289.569
82.8;1050.69;-95.2234;-193.128;-118.986;-44.0197;-280.952
82.9;1039.62;-98.3741;-220.736;-101.411;-19.7101;-270.983
83;1030.57;-99.3297;-247.281;-78.7932;-0.310467;-259.709
83.1;1023.99;-98.6347;-272.636;-52.39;13.1582;-247.186
83.2;1020.17;-96.9203;-296.678;-23.658;19.9889;-233.472
83.3;1019.28;-94.871;-319.293;5.82327;19.8257;-218.635
83.4;1021.31;-93.1888;-340.37;34.4348;12.6829;-202.745
83.5;1026.09;-92.5553;-359.809;60.6035;-1.05613;-185.88
83.6;1033.3;-93.5964;-377.516;82.8854;-20.6589;-168.119
83.7;1042.49;-96.8486;-393.406;100.042;-45.0826;-149.549
83.8;1053.1;-102.731;-407.402;111.105;-73.0292;-130.26
83.9;1064.49;-111.523;-419.437;115.429;-103.014;-110.343
84;1075.96;-123.349;-429.453;112.724;-133.444;-89.8952
84.1;1086.8;-138.172;-437.402;103.071;-162.701;-69.0147
84.2;1096.35;-155.798;-443.245;86.9185;-189.231;-47.8019
84.3;1103.99;-175.88;-446.954;65.0588;-211.62;-26.359
84.4;1109.21;-197.943;-448.512;38.5849;-228.674;-4.78928
84.5;1111.6;-221.406;-447.912;8.83418;-239.48;16.8035
84.6;1110.92;-245.611;-445.154;-22.6831;-243.454;38.3154
84.7;1107.06;-269.86;-440.255;-54.363;-240.371;59.6429
84.8;1100.09;-293.454;-433.235;-84.5931;-230.381;80.6833
84.9;1090.24;-315.722;-424.131;-111.837;-213.996;101.335
85;1077.87;-336.067;-412.985;-134.717;-192.065;121.499
85.1;1063.48;-353.988;-399.85;-152.083;-165.73;141.079
85.2;1047.67;-369.111;-384.792;-163.08;-136.365;159.979
85.3;1031.1;-381.211;-367.88;-167.185;-105.503;178.109
85.4;1014.47;-390.216;-349.198;-164.242;-74.7563;195.382
85.5;998.476;-396.219;-328.835;-154.465;-45.729;211.714
85.6;983.783;-399.47;-306.889;-138.43;-19.9348;227.027
85.7;970.97;-400.359;-283.466;-117.043;1.28415;241.248
85.8;960.514;-399.403;-258.679;-91.4921;16.8279;254.307
85.9;952.764;-397.211;-232.646;-63.1849;25.897;266.142
86;947.917;-394.456;-205.493;-33.675;28.0345;276.695
86.1;946.015;-391.839;-177.351;-4.57891;23.1501;285.917
86.2;946.935;-390.051;-148.355;22.5089;11.5251;293.763
86.3;950.4;-389.738;-118.646;46.1002;-6.20288;300.194
86.4;955.994;-391.464;-88.3648;64.8918;-29.073;305.181
86.5;963.182;-395.684;-57.6586;77.8342;-55.8524;308.698
86.6;971.34;-402.717;-26.6748;84.1871;-85.1011;310.729
86.7;979.786;-412.734;4.43743;83.5584;-115.248;311.265
86.8;987.817;-425.743;35.5283;75.9252;-144.675;310.302
86.9;994.748;-441.592;66.4481;61.6346;-171.799;307.846
87;999.945;-459.977;97.048;41.3858;-195.161;303.908
87.1;1002.86;-480.456;127.181;16.1927;-213.498;298.507
87.2;1003.06;-502.475;156.701;-12.6691;-225.812;291.668
87.3;1000.25;-525.394;185.468;-43.7301;-231.424;283.426
87.4;994.294;-548.524;213.341;-75.4043;-230.006;273.82
87.5;985.205;-571.162;240.188;-106.073;-221.604;262.896
87.6;973.165;-592.625;265.878;-134.17;-206.628;250.706
87.7;958.505;-612.292;290.289;-158.265;-185.839;237.309
87.8;941.687;-629.634;313.302;-177.139;-160.301;222.77
87.9;923.283;-644.238;334.807;-189.848;-131.331;207.158
88;903.944;-655.835;354.7;-195.773;-100.424;190.55
88.1;884.364;-664.311;372.886;-194.653;-69.1795;173.024
88.2;865.246;-669.713;389.277;-186.598;-39.2121;154.665
88.3;847.261;-672.248;403.794;-172.087;-12.0694;135.562
88.4;831.017;-672.269;416.368;-151.936;10.8509;115.806
88.5;817.025;-670.258;426.937;-127.26;28.3746;95.4925
88.6;805.672;-666.804;435.451;-99.4122;39.613;74.7196
88.7;797.198;-662.565;441.869;-69.9139;44.0099;53.587
88.8;791.691;-658.238;446.16;-40.3721;41.3712;32.1964
88.9;789.072;-654.52;448.303;-12.396;31.8744;10.6508
89;789.108;-652.074;448.288;12.4881;16.0602;-10.946
89.1;791.42;-651.49;446.115;32.9177;-5.19683;-32.4901
89.2;795.505;-653.257;441.795;47.7662;-30.7341;-53.8779
89.3;800.759;-657.734;435.349;56.2019;-59.1625;-75.0062
89.4;806.514;-665.135;426.806;57.7323;-88.9397;-95.7736
89.5;812.07;-675.513;416.209;52.2301;-118.452;-116.08
89.6;816.733;-688.763;403.609;39.9397;-146.098;-135.827
89.7;819.851;-704.62;389.066;21.4647;-170.375;-154.921
89.8;820.85;-722.681;372.649;-2.26455;-189.96;-173.269
89.9;819.262;-742.419;354.44;-30.0395;-203.774;-190.783
90;814.754;-763.216;334.523;-60.4376;-211.043;-207.379
90.1;807.139;-784.394;312.997;-91.8972;-211.34;-222.976
90.2;796.393;-805.249;289.964;-122.8;-204.604;-237.5
90.3;782.651;-825.09;265.535;-151.558;-191.146;-250.88
90.4;766.202;-843.275;239.828;-176.693;-171.631;-263.054
90.5;747.476;-859.246;212.967;-196.921;-147.044;-273.96
90.6;727.017;-872.556;185.08;-211.214;-118.637;-283.548
90.7;705.456;-882.894;156.303;-218.859;-87.8627;-291.772
90.8;683.48;-890.102;126.773;-219.493;-56.2996;-298.59
90.9;661.792;-894.182;96.6325;-213.121;-25.5669;-303.971
91;641.078;-895.296;66.0272;-200.121;2.76044;-307.89
91.1;621.966;-893.759;35.104;-181.218;27.235;-310.326
91.2;604.997;-890.02;4.01188;-157.448;46.6131;-311.268
91.3;590.596;-884.639;-27.0996;-130.105;59.9208;-310.712
91.4;579.046;-878.261;-58.0806;-100.67;66.5049;-308.66
91.5;570.479;-871.573;-88.782;-70.7359;66.068;-305.122
91.6;564.862;-865.28;-119.056;-41.9189;58.6837;-300.116
91.7;562.005;-860.055;-148.757;-15.777;44.7928;-293.665
91.8;561.569;-856.513;-177.742;6.27372;25.1804;-285.8
91.9;563.083;-855.174;-205.871;23.0338;0.933865;-276.56
92;565.968;-856.436;-233.009;33.584;-26.6142;-265.988
92.1;569.572;-860.557;-259.026;37.3332;-55.9564;-254.136
92.2;573.2;-867.634;-283.796;34.0504;-85.4904;-241.061
92.3;576.151;-877.607;-307.2;23.8763;-113.603;-226.825
92.4;577.761;-890.256;-329.125;7.31613;-138.757;-211.498
92.5;577.429;-905.214;-349.465;-14.7869;-159.569;-195.152
92.6;574.656;-921.986;-368.124;-41.2965;-174.887;-177.867
92.7;569.068;-939.978;-385.01;-70.8428;-183.847;-159.726
92.8;560.437;-958.525;-400.043;-101.895;-185.92;-140.815
92.9;548.692;-976.926;-413.151;-132.843;-180.944;-121.228
93;533.925;-994.484;-424.269;-162.081;-169.124;-101.056
93.1;516.384;-1010.54;-433.346;-188.091;-151.03;-80.398
93.2;496.46;-1024.51;-440.336;-209.53;-127.562;-59.353
93.3;474.668;-1035.91;-445.207;-225.29;-99.9023;-38.0223
93.4;451.619;-1044.4;-447.934;-234.566;-69.4558;-16.5086
93.5;427.988;-1049.76;-448.506;-236.893;-37.7737;5.08456
93.6;404.476;-1051.96;-446.918;-232.175;-6.47213;26.6533
93.7;381.779;-1051.12;-443.179;-220.685;22.8529;48.0937
93.8;360.545;-1047.51;-437.307;-203.053;48.7102;69.3026
93.9;341.343;-1041.54;-429.33;-180.234;69.7918;90.1779
94;324.631;-1033.75;-419.286;-153.456;85.0425;110.619
94.1;310.736;-1024.75;-407.224;-124.155;93.7149;130.528
94.2;299.832;-1015.24;-393.201;-93.9008;95.4097;149.808
94.3;291.934;-1005.91;-377.286;-64.3115;90.0959;168.368
94.4;286.895;-997.442;-359.555;-36.9703;78.1131;186.116
94.5;284.415;-990.483;-340.093;-13.3409;60.1533;202.969
94.6;284.06;-985.578;-318.994;5.30983;37.2243;218.845
94.7;285.277;-983.162;-296.359;17.9784;10.5967;233.668
94.8;287.432;-983.533;-272.298;23.978;-18.2635;247.365
94.9;289.838;-986.836;-246.926;22.9745;-47.7724;259.872
95;291.794;-993.055;-220.365;15.0044;-76.3112;271.128
95.1;292.62;-1002.01;-192.744;0.472808;-102.313;281.079
95.2;291.694;-1013.38;-164.194;-19.8682;-124.343;289.677
95.3;288.487;-1026.71;-134.855;-44.9589;-141.178;296.88
95.4;282.587;-1041.41;-104.866;-73.4882;-151.869;302.654
95.5;273.724;-1056.86;-74.3724;-103.963;-155.789;306.972
95.6;261.783;-1072.34;-43.5208;-134.786;-152.67;309.812
95.7;246.809;-1087.16;-12.4598;-164.342;-142.617;311.16
95.8;229.008;-1100.64;18.6613;-191.081;-126.099;311.011
95.9;208.734;-1112.19;49.6925;-213.602;-103.927;309.364
96;186.469;-1121.28;80.4845;-230.726;-77.2103;306.229
96.1;162.8;-1127.52;110.889;-241.557;-47.2989;301.619
96.2;138.387;-1130.68;140.76;-245.534;-15.7105;295.557
96.3;113.929;-1130.66;169.953;-242.453;15.9481;288.073
96.4;90.1267;-1127.54;198.328;-232.486;46.0669;279.202
96.5;67.6446;-1121.55;225.749;-216.165;73.1171;268.987
96.6;47.0773;-1113.07;252.082;-194.36;95.732;257.477
96.7;28.9176;-1102.59;277.203;-168.227;112.779;244.728
96.8;13.5306;-1090.73;300.989;-139.151;123.421;230.8
96.9;1.13443;-1078.14;323.326;-108.673;127.156;215.762
97;-8.21099;-1065.53;344.106;-78.406;123.851;199.685
97.1;-14.6073;-1053.6;363.231;-49.9513;113.742;182.647
97.2;-18.3122;-1042.99;380.606;-24.8144;97.4254;164.73
97.3;-19.7257;-1034.29;396.15;-4.32454;75.8247;146.019
97.4;-19.3689;-1027.96;409.787;10.435;50.1433;126.606
97.5;-17.8566;-1024.35;421.451;18.6842;21.7998;106.584
97.6;-15.8646;-1023.64;431.086;19.9877;-7.64651;86.0479
97.7;-14.0939;-1025.86;438.647;14.2774;-36.5782;65.098
97.8;-13.2338;-1030.88;444.096;1.85646;-63.405;43.8348
97.9;-13.9253;-1038.42;447.407;-16.6171;-86.6478;22.3605
98;-16.7272;-1048.05;448.564;-40.1646;-105.017;0.778658
98.1;-22.0864;-1059.23;447.562;-67.5392;-117.48;-20.807
98.2;-30.3147;-1071.32;444.406;-97.291;-123.316;-42.2925
98.3;-41.5716;-1083.66;439.111;-127.844;-122.156;-63.5743
98.4;-55.8562;-1095.52;431.701;-157.579;-113.998;-84.5502
98.5;-73.0073;-1106.23;422.214;-184.919;-99.2118;-105.119
98.6;-92.7115;-1115.17;410.694;-208.415;-78.5156;-125.182
98.7;-114.52;-1121.77;397.198;-226.818;-52.9409;-144.642
98.8;-137.872;-1125.63;381.789;-239.147;-23.7766;-163.406
98.9;-162.124;-1126.46;364.543;-244.744;7.49871;-181.384
99;-186.585;-1124.12;345.542;-243.303;39.2948;-198.488
99.1;-210.551;-1118.64;324.877;-234.89;69.994;-214.637
99.2;-233.344;-1110.21;302.649;-219.94;98.0363;-229.752
99.3;-254.346;-1099.17;278.963;-199.231;122.002;-243.762
99.4;-273.034;-1085.98;253.935;-173.844;140.687;-256.598
99.5;-289.003;-1071.24;227.685;-145.108;153.164;-268.2
99.6;-301.993;-1055.58;200.339;-114.528;158.837;-278.51
99.7;-311.9;-1039.7;172.028;-83.7042;157.466;-287.479
99.8;-318.78;-1024.32;142.889;-54.2511;149.184;-295.065
99.9;-322.848;-1010.08;113.062;-27.7088;134.489;-301.23
100;-324.465;-997.605;82.6912;-5.46353;114.218;-305.945
100.1;-324.123;-987.388;51.9222;11.3261;89.5005;-309.188
