0;-690.848;-1551.31;-660.653;-806.064;886.557;-730.54;
0.1;-761.06;-1455.6;-732.058;-593.15;1019.39;-696.993;
0.2;-808.66;-1349.17;-799.939;-355.825;1100.22;-660.091;
0.3;-831.826;-1237.44;-863.97;-106.604;1124.85;-620.011;
0.4;-830.022;-1126.12;-923.842;141.373;1092.06;-576.947;
0.5;-804.03;-1020.89;-979.267;375.028;1003.64;-531.105;
0.6;-755.907;-927.097;-1029.98;582.045;864.348;-482.707;
0.7;-688.877;-849.477;-1075.73;751.511;681.602;-431.985;
0.8;-607.16;-791.907;-1116.31;874.502;465.126;-379.184;
0.9;-515.749;-757.197;-1151.51;944.544;226.424;-324.558;
1;-420.147;-746.943;-1181.17;957.964;-21.8263;-268.369;
1.1;-326.075;-761.442;-1205.14;914.079;-266.444;-210.889;
1.2;-239.172;-799.676;-1223.31;815.232;-494.439;-152.393;
1.3;-164.693;-859.368;-1235.59;666.673;-693.702;-93.1637;
1.4;-107.238;-937.1;-1241.93;476.273;-853.638;-33.486;
1.5;-70.5027;-1028.49;-1242.28;254.118;-965.732;26.3529;
1.6;-57.0851;-1128.44;-1236.66;11.9697;-1023.99;86.065;
1.7;-68.35;-1231.39;-1225.08;-237.353;-1025.28;145.363;
1.8;-104.355;-1331.59;-1207.61;-480.652;-969.455;203.961;
1.9;-163.848;-1423.46;-1184.32;-705.047;-859.396;261.577;
2;-244.335;-1501.84;-1155.34;-898.654;-700.851;317.934;
2.1;-342.206;-1562.29;-1120.79;-1051.22;-502.125;372.761;
2.2;-452.933;-1601.27;-1080.85;-1154.64;-273.647;425.793;
2.3;-571.305;-1616.42;-1035.7;-1203.43;-27.4175;476.776;
2.4;-691.703;-1606.59;-985.567;-1194.98;223.626;525.464;
2.5;-808.399;-1571.97;-930.69;-1129.7;466.29;571.622;
2.6;-915.854;-1514.04;-871.334;-1010.99;687.824;615.028;
2.7;-1009.02;-1435.51;-807.783;-845.096;876.594;655.475;
2.8;-1083.58;-1340.15;-740.344;-640.736;1022.69;692.765;
2.9;-1136.24;-1232.65;-669.342;-408.666;1118.47;726.721;
3;-1164.8;-1118.31;-595.117;-161.104;1158.94;757.179;
3.1;-1168.37;-1002.78;-518.027;88.9157;1142.01;783.992;
3.2;-1147.37;-891.796;-438.444;328.228;1068.65;807.032;
3.3;-1103.51;-790.812;-356.75;544.236;942.799;826.186;
3.4;-1039.69;-704.77;-273.34;725.571;771.16;841.363;
3.5;-959.871;-637.808;-188.613;862.701;562.861;852.491;
3.6;-868.866;-593.055;-102.978;948.425;328.966;859.514;
3.7;-772.057;-572.457;-16.8479;978.259;81.8878;862.401;
3.8;-675.136;-576.681;69.3635;950.672;-165.264;861.136;
3.9;-583.795;-605.075;155.241;867.166;-399.376;855.726;
4;-503.427;-655.705;240.371;732.197;-608.025;846.196;
4.1;-438.839;-725.457;324.344;552.939;-780.132;832.594;
4.2;-394.004;-810.202;406.756;338.905;-906.55;814.983;
4.3;-371.843;-905.012;487.21;101.448;-980.543;793.449;
4.4;-374.078;-1004.42;565.319;-146.844;-998.147;768.096;
4.5;-401.135;-1102.72;640.706;-392.809;-958.374;739.046;
4.6;-452.126;-1194.25;713.009;-623.409;-863.27;706.438;
4.7;-524.894;-1273.69;781.88;-826.414;-717.8;670.43;
4.8;-616.125;-1336.37;846.988;-991.052;-529.593;631.194;
4.9;-721.528;-1378.51;908.018;-1108.58;-308.533;588.92;
5;-836.055;-1397.37;964.677;-1172.74;-66.2418;543.811;
5.1;-954.173;-1391.47;1016.69;-1180.08;184.539;496.084;
5.2;-1070.15;-1360.62;1063.81;-1130.18;430.618;445.97;
5.3;-1178.38;-1305.94;1105.82;-1025.61;659.051;393.708;
5.4;-1273.63;-1229.8;1142.49;-871.835;857.827;339.552;
5.5;-1351.37;-1135.71;1173.67;-676.933;1016.5;283.761;
5.6;-1407.98;-1028.12;1199.2;-451.138;1126.74;226.604;
5.7;-1440.96;-912.179;1218.96;-206.322;1182.77;168.356;
5.8;-1449.04;-793.478;1232.84;44.6437;1181.69;109.298;
5.9;-1432.26;-677.749;1240.8;288.559;1123.6;49.7132;
6;-1391.99;-570.562;1242.78;512.599;1011.63;-10.1104;
6.1;-1330.8;-477.03;1238.78;704.989;851.719;-69.8853;
6.2;-1252.39;-401.539;1228.81;855.626;652.377;-129.324;
6.3;-1161.34;-347.521;1212.93;956.612;424.174;-188.14;
6.4;-1062.91;-317.267;1191.21;1002.67;179.21;-246.05;
6.5;-962.723;-311.807;1163.76;991.434;-69.533;-302.776;
6.6;-866.515;-330.859;1130.71;923.551;-308.872;-358.045;
6.7;-779.788;-372.843;1092.21;802.667;-526.123;-411.59;
6.8;-707.541;-434.96;1048.46;635.229;-709.768;-463.154;
6.9;-654.003;-513.346;999.654;430.14;-850.065;-512.488;
7;-622.409;-603.272;946.041;198.294;-939.562;-559.355;
7.1;-614.829;-699.398;887.873;-48.0039;-973.49;-603.53;
7.2;-632.057;-796.049;825.432;-295.682;-950.016;-644.799;
7.3;-673.573;-887.519;759.017;-531.597;-870.34;-682.965;
7.4;-737.565;-968.374;688.948;-743.226;-738.629;-717.843;
7.5;-821.029;-1033.73;615.563;-919.329;-561.802;-749.266;
7.6;-919.928;-1079.53;539.215;-1050.54;-349.157;-777.082;
7.7;-1029.4;-1102.74;460.272;-1129.87;-111.888;-801.157;
7.8;-1144.02;-1101.51;379.112;-1153.06;137.512;-821.376;
7.9;-1258.09;-1075.27;296.128;-1118.81;385.906;-837.641;
8;-1365.92;-1024.79;211.719;-1028.89;620.214;-849.874;
8.1;-1462.16;-952.112;126.29;-887.955;828.094;-858.016;
8.2;-1542.05;-860.426;40.2531;-703.399;998.603;-862.027;
8.3;-1601.7;-753.942;-45.9773;-484.897;1122.77;-861.89;
8.4;-1638.28;-637.642;-131.986;-243.923;1194.07;-857.603;
8.5;-1650.16;-517.023;-217.36;6.86408;1208.77;-849.188;
8.6;-1637.02;-397.808;-301.688;254.287;1166.12;-836.685;
8.7;-1599.85;-285.642;-384.563;485.346;1068.42;-820.155;
8.8;-1540.9;-185.794;-465.587;687.907;920.841;-799.677;
8.9;-1463.57;-102.882;-544.37;851.34;731.217;-775.349;
9;-1372.23;-40.6232;-620.532;967.084;509.591;-747.289;
9.1;-1271.96;-1.64336;-693.708;1029.09;267.694;-715.632;
9.2;-1168.31;12.6647;-763.544;1034.17;18.3307;-680.531;
9.3;-1067.03;2.21364;-829.705;982.1;-225.303;-642.153;
9.4;-973.713;-31.7734;-891.872;875.719;-450.314;-600.684;
9.5;-893.52;-86.8279;-949.745;720.71;-644.794;-556.324;
9.6;-830.924;-159.366;-1003.05;525.33;-798.446;-509.285;
9.7;-789.458;-244.878;-1051.52;299.971;-903.133;-459.796;
9.8;-771.533;-338.168;-1094.93;56.6036;-953.302;-408.092;
9.9;-778.309;-433.624;-1133.07;-191.846;-946.282;-354.425;
10;-809.632;-525.521;-1165.76;-432.185;-882.421;-299.051;
10.1;-864.047;-608.317;-1192.84;-651.648;-765.073;-242.238;
10.2;-938.873;-676.951;-1214.17;-838.573;-600.414;-184.259;
10.3;-1030.34;-727.106;-1229.66;-983.015;-397.122;-125.393;
10.4;-1133.8;-755.44;-1239.23;-1077.27;-165.916;-65.9229;
10.5;-1243.95;-759.762;-1242.83;-1116.3;81.0129;-6.13578;
10.6;-1355.13;-739.146;-1240.45;-1097.95;330.639;53.6809;
10.7;-1461.65;-693.984;-1232.1;-1023.14;569.795;113.239;
10.8;-1558;-625.959;-1217.82;-895.726;785.865;172.252;
10.9;-1639.25;-537.964;-1197.68;-722.377;967.454;230.436;
11;-1701.24;-433.943;-1171.77;-512.173;1104.98;287.511;
11.1;-1740.82;-318.685;-1140.23;-276.14;1191.21;343.202;
11.2;-1756.02;-197.571;-1103.19;-26.6704;1221.58;397.24;
11.3;-1746.14;-76.2923;-1060.84;223.133;1194.51;449.367;
11.4;-1711.82;39.4551;-1013.39;460.153;1111.44;499.33;
11.5;-1654.96;144.267;-961.055;671.944;976.759;546.89;
11.6;-1578.65;233.317;-904.097;847.395;797.602;591.817;
11.7;-1487;302.614;-842.787;977.315;583.432;633.896;
11.8;-1384.93;349.21;-777.42;1054.92;345.571;672.923;
11.9;-1277.9;371.355;-708.31;1076.18;96.5863;708.711;
12;-1171.62;368.594;-635.791;1040.05;-150.365;741.087;
12.1;-1071.75;341.786;-560.212;948.508;-382.236;769.896;
12.2;-983.61;293.061;-481.936;806.472;-586.776;794.999;
12.3;-911.893;225.707;-401.34;621.513;-753.177;816.275;
12.4;-860.416;143.996;-318.812;403.476;-872.65;833.622;
12.5;-831.918;52.959;-234.749;163.95;-938.882;846.956;
12.6;-827.92;-41.881;-149.556;-84.339;-948.374;856.213;
12.7;-848.639;-134.799;-63.644;-328.204;-900.624;861.348;
12.8;-892.98;-220.173;22.5749;-554.69;-798.153;862.337;
12.9;-958.593;-292.779;108.685;-751.761;-646.376;859.176;
13;-1042;-348.066;194.272;-908.935;-453.308;851.878;
13.1;-1138.76;-382.399;278.924;-1017.84;-229.151;840.48;
13.2;-1243.75;-393.25;362.233;-1072.64;14.2557;825.036;
13.3;-1351.38;-379.333;443.799;-1070.37;264.051;805.62;
13.4;-1455.92;-340.667;523.228;-1011.08;507.039;782.327;
13.5;-1551.79;-278.582;600.139;-897.822;730.38;755.268;
13.6;-1633.87;-195.643;674.16;-736.506;922.272;724.573;
13.7;-1697.76;-95.5191;744.937;-535.577;1072.57;690.39;
13.8;-1740.01;17.2138;812.127;-305.571;1173.34;652.884;
13.9;-1758.31;137.313;875.409;-58.5629;1219.24;612.235;
14;-1751.59;259.144;934.476;192.477;1207.84;568.639;
14.1;-1720.12;376.982;989.045;434.365;1139.73;522.306;
14.2;-1665.45;485.312;1038.85;654.399;1018.51;473.458;
14.3;-1590.36;579.118;1083.66;841.032;850.546;422.332;
14.4;-1498.69;654.153;1123.25;984.482;644.714;369.172;
14.5;-1395.16;707.156;1157.44;1077.25;411.867;314.236;
14.6;-1285.1;736.032;1186.05;1114.5;164.288;257.787;
14.7;-1174.18;739.956;1208.95;1094.35;-84.9618;200.097;
14.8;-1068.11;719.423;1226.04;1017.92;-322.734;141.443;
14.9;-972.34;676.213;1237.22;889.345;-536.487;82.1092;
15;-891.759;613.306;1242.44;715.47;-714.95;22.3798;
15.1;-830.453;534.719;1241.69;505.555;-848.714;-37.4573;
15.2;-791.482;445.295;1234.96;270.761;-930.735;-97.1141;
15.3;-776.717;350.448;1222.28;23.558;-956.7;-156.303;
15.4;-786.747;255.877;1203.72;-222.925;-925.257;-214.74;
15.5;-820.841;167.263;1179.37;-455.598;-838.089;-272.144;
15.6;-876.991;89.9704;1149.34;-662.102;-699.821;-328.237;
15.7;-952.018;28.7647;1113.77;-831.459;-517.777;-382.75;
15.8;-1041.74;-12.4414;1072.85;-954.653;-301.596;-435.421;
15.9;-1141.18;-30.7937;1026.76;-1025.11;-62.7187;-485.996;
16;-1244.87;-24.6475;975.729;-1039.03;186.214;-534.231;
16.1;-1347.07;6.34571;920;-995.62;432.03;-579.895;
16.2;-1442.15;61.2196;859.843;-897.094;661.721;-622.767;
16.3;-1524.82;137.744;795.547;-748.587;863.128;-662.642;
16.4;-1590.45;232.542;727.421;-557.875;1025.59;-699.326;
16.5;-1635.31;341.27;655.794;-334.959;1140.49;-732.645;
16.6;-1656.75;458.844;581.01;-91.5441;1201.74;-762.437;
16.7;-1653.36;579.713;503.429;159.583;1206.07;-788.558;
16.8;-1625.02;698.145;423.425;405.227;1153.23;-810.884;
16.9;-1572.93;808.537;341.382;632.483;1045.97;-829.306;
17;-1499.54;905.705;257.696;829.416;889.923;-843.737;
17.1;-1408.41;985.162;172.77;985.694;693.302;-854.106;
17.2;-1304.03;1043.35;87.0123;1093.13;466.458;-860.363;
17.3;-1191.6;1077.84;0.835569;1146.11;221.336;-862.479;
17.4;-1076.73;1087.44;-85.3452;1141.92;-29.1526;-860.444;
17.5;-965.126;1072.27;-171.115;1080.83;-271.813;-854.266;
17.6;-862.355;1033.77;-256.061;966.134;-493.866;-843.976;
17.7;-773.489;974.579;-339.775;803.961;-683.621;-829.624;
17.8;-702.864;898.456;-421.853;602.94;-831.094;-811.278;
17.9;-653.845;810.034;-501.9;373.75;-928.534;-789.027;
18;-628.651;714.595;-579.532;128.56;-970.834;-762.978;
18.1;-628.234;617.787;-654.373;-119.617;-955.799;-733.256;
18.2;-652.234;525.327;-726.065;-357.611;-884.264;-700.004;
18.3;-698.994;442.698;-794.262;-572.79;-760.048;-663.383;
18.4;-765.647;374.861;-858.635;-753.726;-589.751;-623.569;
18.5;-848.271;325.989;-918.876;-890.802;-382.412;-580.753;
18.6;-942.095;299.252;-974.693;-976.718;-149.022;-535.141;
18.7;-1041.75;296.644;-1025.82;-1006.88;98.0486;-486.953;
18.8;-1141.55;318.882;-1072.01;-979.62;345.707;-436.421;
18.9;-1235.8;365.366;-1113.03;-896.332;580.83;-383.789;
19;-1319.08;434.212;-1148.7;-761.351;790.953;-329.309;
19.1;-1386.57;522.348;-1178.84;-581.747;964.934;-273.244;
19.2;-1434.25;625.68;-1203.31;-366.946;1093.54;-215.863;
19.3;-1459.16;739.307;-1221.98;-128.235;1169.92;-157.444;
19.4;-1459.52;857.78;-1234.77;121.837;1190.01;-98.2662;
19.5;-1434.85;975.388;-1241.62;370.119;1152.69;-38.6158;
19.6;-1385.99;1086.46;-1242.49;603.555;1059.89;21.2206;
19.7;-1315.05;1185.67;-1237.38;809.872;916.455;80.9548;
19.8;-1225.29;1268.31;-1226.31;978.231;729.91;140.299;
19.9;-1120.97;1330.54;-1209.34;1099.79;510.06;198.968;
20;-1007.11;1369.59;-1186.55;1168.2;268.463;256.68;
20.1;-889.227;1383.93;-1158.04;1179.88;17.8289;313.156;
20.2;-773.05;1373.3;-1123.97;1134.28;-228.659;368.124;
20.3;-664.206;1338.77;-1084.48;1033.86;-458.036;421.32;
20.4;-567.935;1282.66;-1039.77;883.969;-658.24;472.489;
20.5;-488.803;1208.45;-990.056;692.585;-818.752;521.382;
20.6;-430.468;1120.52;-935.577;469.861;-931.15;567.766;
20.7;-395.485;1024.02;-876.594;227.613;-989.552;611.417;
20.8;-385.17;924.522;-813.391;-21.3158;-990.93;652.125;
20.9;-399.531;827.748;-746.274;-263.729;-935.267;689.694;
21;-437.268;739.279;-675.563;-486.775;-825.559;723.943;
21.1;-495.842;664.25;-601.601;-678.625;-667.659;754.707;
21.2;-571.609;607.08;-524.743;-829.1;-469.962;781.838;
21.3;-660.01;571.239;-445.359;-930.205;-242.969;805.205;
21.4;-755.817;559.065;-363.831;-976.555;1.27476;824.697;
21.5;-853.404;571.638;-280.552;-965.655;249.809;840.219;
21.6;-947.049;608.73;-195.922;-898.036;489.449;851.696;
21.7;-1031.23;668.806;-110.35;-777.225;707.479;859.073;
21.8;-1100.92;749.115;-24.2457;-609.558;892.323;862.315;
21.9;-1151.87;845.831;61.975;-403.848;1034.16;861.406;
22;-1180.78;954.254;147.897;-170.915;1125.43;856.351;
22.1;-1185.55;1069.06;233.108;76.9793;1161.26;847.174;
22.2;-1165.32;1184.58;317.196;326.785;1139.69;833.918;
22.3;-1120.57;1295.11;399.757;565.35;1061.8;816.648;
22.4;-1053.05;1395.19;480.395;780.114;931.64;795.447;
22.5;-965.719;1479.92;558.719;959.775;756.02;770.417;
22.6;-862.583;1545.18;634.354;1094.88;544.151;741.679;
22.7;-748.471;1587.91;706.936;1178.34;307.158;709.37;
22.8;-628.79;1606.19;776.115;1205.78;57.4945;673.647;
22.9;-509.239;1599.42;841.557;1175.78;-191.72;634.681;
23;-395.503;1568.3;902.949;1089.97;-427.39;592.66;
23.1;-292.961;1514.81;959.994;952.917;-637.133;547.786;
23.2;-206.393;1442.11;1012.42;771.891;-809.939;500.275;
23.3;-139.734;1354.36;1059.97;556.489;-936.747;450.356;
23.4;-95.8647;1256.52;1102.42;318.119;-1010.93;398.269;
23.5;-76.4576;1154.07;1139.56;69.4036;-1028.63;344.265;
23.6;-81.8905;1052.71;1171.21;-176.49;-988.992;288.604;
23.7;-111.226;958.115;1197.23;-406.544;-894.168;231.553;
23.8;-162.262;875.558;1217.49;-608.577;-749.237;173.388;
23.9;-231.646;809.687;1231.88;-771.891;-561.923;114.389;
24;-315.055;764.26;1240.35;-887.83;-342.186;54.8382;
24.1;-407.42;741.946;1242.84;-950.244;-101.702;-4.97617;
24.2;-503.2;744.187;1239.35;-955.808;146.759;-64.7666;
24.3;-596.668;771.124;1229.9;-904.202;390.005;-124.245;
24.4;-682.217;821.582;1214.52;-798.125;615.12;-183.126;
24.5;-754.656;893.141;1193.3;-643.155;810.143;-241.125;
24.6;-809.483;982.257;1166.34;-447.451;964.705;-297.963;
24.7;-843.127;1084.45;1133.76;-221.326;1070.57;-353.367;
24.8;-853.128;1194.55;1095.72;23.3017;1122.08;-407.07;
24.9;-838.278;1306.96;1052.41;273.534;1116.44;-458.814;
25;-798.674;1415.93;1004.03;516.178;1053.88;-508.349;
25.1;-735.724;1515.93;950.822;738.438;937.623;-555.437;
25.2;-652.061;1601.86;893.034;928.598;773.747;-599.851;
25.3;-551.414;1669.37;830.948;1076.63;570.832;-641.378;
25.4;-438.405;1715.08;764.861;1174.74;339.521;-679.817;
25.5;-318.309;1736.73;695.093;1217.77;91.9591;-714.984;
25.6;-196.772;1733.36;621.979;1203.45;-158.852;-746.709;
25.7;-79.5139;1705.29;545.871;1132.56;-399.74;-774.84;
25.8;27.9712;1654.17;467.136;1008.86;-618.055;-799.241;
25.9;120.708;1582.82;386.151;838.894;-802.34;-819.795;
26;194.502;1495.16;303.308;631.661;-942.936;-836.402;
26.1;246.158;1395.94;219.005;398.115;-1032.49;-848.984;
26.2;273.656;1290.53;133.648;150.602;-1066.35;-857.478;
26.3;276.248;1184.59;47.6472;-97.7935;-1042.8;-861.845;
26.4;254.506;1083.85;-38.5828;-333.941;-963.156;-862.064;
26.5;210.287;993.699;-124.627;-545.359;-831.699;-858.132;
26.6;146.636;919.006;-210.071;-720.873;-655.447;-850.07;
26.7;67.6246;863.795;-294.505;-851.203;-443.783;-837.916;
26.8;-21.8619;831.059;-377.52;-929.46;-207.96;-821.728;
26.9;-116.386;822.594;-458.718;-951.502;39.4937;-801.585;
27;-210.241;838.908;-537.709;-916.16;285.434;-777.584;
27.1;-297.758;879.193;-614.11;-825.295;516.796;-749.839;
27.2;-373.601;941.368;-687.556;-683.7;721.288;-718.485;
27.3;-433.05;1022.19;-757.692;-498.851;888.034;-683.672;
27.4;-472.249;1117.41;-824.181;-280.506;1008.15;-645.568;
27.5;-488.415;1222.04;-886.702;-40.1943;1075.23;-604.357;
27.6;-479.977;1330.56;-944.955;209.393;1085.64;-560.237;
27.7;-446.666;1437.25;-998.659;455.076;1038.77;-513.42;
27.8;-389.526;1536.48;-1047.56;683.879;937.004;-464.131;
27.9;-310.859;1622.99;-1091.41;883.718;785.657;-412.608;
28;-214.104;1692.21;-1130.01;1044.04;592.642;-359.099;
28.1;-103.657;1740.46;-1163.17;1156.37;368.078;-303.861;
28.2;15.3639;1765.17;-1190.74;1214.77;123.751;-247.161;
28.3;137.388;1764.98;-1212.57;1216.16;-127.51;-189.271;
28.4;256.685;1739.87;-1228.56;1160.46;-372.509;-130.47;
28.5;367.668;1691.12;-1238.64;1050.61;-598.383;-71.0409;
28.6;465.188;1621.23;-1242.76;892.399;-793.275;-11.2698;
28.7;544.807;1533.84;-1240.89;694.177;-946.969;48.5555;
28.8;603.033;1433.49;-1233.05;466.407;-1051.42;108.147;
28.9;637.501;1325.39;-1219.28;221.11;-1101.19;167.218;
29;647.101;1215.17;-1199.64;-28.7695;-1093.72;225.484;
29.1;632.034;1108.55;-1174.22;-270.043;-1029.48;282.665;
29.2;593.805;1011.06;-1143.15;-489.979;-911.937;338.485;
29.3;535.14;927.734;-1106.58;-676.974;-747.375;392.676;
29.4;459.843;862.862;-1064.68;-821.164;-544.557;444.976;
29.5;372.595;819.743;-1017.65;-914.947;-314.269;495.135;
29.6;278.706;800.52;-965.729;-953.385;-68.7469;542.91;
29.7;183.838;806.068;-909.157;-934.461;178.969;588.071;
29.8;93.7007;835.947;-848.209;-859.19;415.724;630.402;
29.9;13.7532;888.425;-783.178;-731.565;628.939;669.699;
30;-51.0852;960.568;-714.377;-558.343;807.282;705.771;
30.1;-96.695;1048.4;-642.137;-348.69;941.26;738.447;
30.2;-119.974;1147.1;-566.806;-113.697;1023.73;767.567;
30.3;-119.001;1251.27;-488.747;134.206;1050.25;792.993;
30.4;-93.1385;1355.22;-408.335;381.906;1019.37;814.602;
30.5;-43.0645;1453.27;-325.957;616.301;932.627;832.289;
30.6;29.2618;1540.03;-242.01;824.989;794.544;845.97;
30.7;120.704;1610.7;-156.899;996.927;612.338;855.579;
30.8;227.113;1661.34;-71.0318;1123.01;395.561;861.069;
30.9;343.548;1689.04;15.1769;1196.56;155.592;862.415;
31;464.535;1692.1;101.313;1213.66;-94.9666;859.609;
31.1;584.359;1670.13;186.961;1173.39;-342.953;852.665;
31.2;697.363;1624.03;271.709;1077.85;-575.339;841.617;
31.3;798.247;1555.99;355.149;932.057;-779.922;826.517;
31.4;882.349;1469.34;436.88;743.682;-945.967;807.439;
31.5;945.889;1368.38;516.507;522.648;-1064.77;784.474;
31.6;986.174;1258.17;593.648;280.599;-1130.14;757.733;
31.7;1001.73;1144.26;667.932;30.2902;-1138.67;727.344;
31.8;992.396;1032.35;739.001;-215.09;-1090;693.455;
31.9;959.311;928.083;806.512;-442.612;-986.755;656.227;
32;904.872;836.646;870.141;-640.293;-834.461;615.84;
32.1;832.599;762.563;929.581;-797.723;-641.228;572.489;
32.2;746.951;709.428;984.546;-906.622;-417.329;526.382;
32.3;653.09;679.726;1034.77;-961.273;-174.654;477.741;
32.4;556.608;674.696;1080.02;-958.823;73.912;426.801;
32.5;463.232;694.265;1120.06;-899.437;315.176;373.806;
32.6;378.521;737.059;1154.72;-786.288;536.331;319.011;
32.7;307.574;800.466;1183.82;-625.387;725.631;262.682;
32.8;254.757;880.782;1207.21;-425.271;873.014;205.087;
32.9;223.478;973.403;1224.8;-196.547;970.632;146.506;
33;216.001;1073.07;1236.49;48.6689;1013.26;87.2187;
33.1;233.33;1174.14;1242.23;297.385;998.596;27.512;
33.2;275.155;1270.89;1241.99;536.426;927.34;-32.3272;
33.3;339.868;1357.83;1235.77;753.126;803.196;-92.0107;
33.4;424.649;1429.98;1223.6;936.001;632.658;-151.251;
33.5;525.612;1483.11;1205.54;1075.35;424.67;-209.764;
33.6;638.014;1514.02;1181.68;1163.77;190.158;-267.267;
33.7;756.503;1520.67;1152.13;1196.55;-58.5567;-323.483;
33.8;875.401;1502.27;1117.04;1171.91;-308.397;-378.142;
33.9;989.005;1459.39;1076.57;1091.11;-546.229;-430.981;
34;1091.88;1393.85;1030.91;958.382;-759.552;-481.745;
34.1;1179.17;1308.67;980.294;780.677;-937.158;-530.19;
34.2;1246.83;1207.92;924.958;567.338;-1069.73;-576.084;
34.3;1291.82;1096.47;865.169;329.587;-1150.31;-619.204;
34.4;1312.34;979.74;801.216;79.9323;-1174.72;-659.343;
34.5;1307.85;863.445;733.407;-168.489;-1141.72;-696.309;
34.6;1279.12;753.258;662.066;-402.606;-1053.11;-729.922;
34.7;1228.22;654.528;587.539;-610.103;-913.617;-760.022;
34.8;1158.36;571.99;510.184;-780.071;-730.677;-786.464;
34.9;1073.76;509.522;430.373;-903.584;-514.003;-809.12;
35;979.415;469.935;348.49;-974.17;-275.091;-827.881;
35.1;880.822;454.825;264.929;-988.153;-26.6151;-842.657;
35.2;783.702;464.492;180.094;-944.847;218.249;-853.376;
35.3;693.692;497.92;94.3912;-846.592;446.516;-859.988;
35.4;616.048;552.835;8.23426;-698.629;646.078;-862.46;
35.5;555.368;625.821;-77.9623;-508.829;806.342;-860.78;
35.6;515.347;712.503;-163.784;-287.268;918.795;-854.957;
35.7;498.585;807.779;-248.817;-45.7044;977.446;-845.019;
35.8;506.447;906.086;-332.652;203.049;979.147;-831.012;
35.9;538.994;1001.7;-414.886;445.8;923.759;-813.006;
36;594.976;1089.02;-495.122;669.67;814.158;-791.086;
36.1;671.899;1162.91;-572.976;862.778;656.084;-765.358;
36.2;766.159;1218.89;-648.071;1014.87;457.839;-735.946;
36.3;873.23;1253.48;-720.047;1117.85;229.845;-702.991;
36.4;987.902;1264.27;-788.556;1166.23;-15.9042;-666.652;
36.5;1104.56;1250.13;-853.27;1157.39;-266.475;-627.104;
36.6;1217.48;1211.25;-913.877;1091.74;-508.678;-584.538;
36.7;1321.12;1149.1;-970.084;972.689;-729.768;-539.157;
36.8;1410.44;1066.39;-1021.62;806.458;-918.112;-491.182;
36.9;1481.12;966.908;-1068.24;601.769;-1063.81;-440.842;
37;1529.86;855.316;-1109.72;369.372;-1159.2;-388.38;
37.1;1554.48;736.919;-1145.86;121.478;-1199.3;-334.048;
37.2;1554.07;617.377;-1176.48;-128.882;-1182.02;-278.108;
37.3;1529.06;502.404;-1201.43;-368.549;-1108.33;-220.83;
37.4;1481.14;397.469;-1220.61;-584.927;-982.143;-162.489;
37.5;1413.23;307.509;-1233.9;-766.653;-810.178;-103.365;
37.6;1329.29;236.662;-1241.26;-904.193;-601.551;-43.7443;
37.7;1234.12;188.057;-1242.65;-990.347;-367.319;16.0874;
37.8;1133.09;163.641;-1238.05;-1020.63;-119.89;75.8416;
37.9;1031.91;164.083;-1227.49;-993.508;127.63;135.231;
38;936.263;188.732;-1211.02;-910.478;362.134;193.969;
38.1;851.539;235.659;-1188.73;-775.992;571.201;251.773;
38.2;782.548;301.751;-1160.71;-597.218;743.753;308.366;
38.3;733.26;382.881;-1127.1;-383.666;870.645;363.474;
38.4;706.6;474.126;-1088.07;-146.679;945.14;416.832;
38.5;704.288;570.023;-1043.8;101.157;963.272;468.184;
38.6;726.755;664.86;-994.51;346.687;924.052;517.283;
38.7;773.113;752.981;-940.43;576.876;829.519;563.891;
38.8;841.208;829.078;-881.823;779.497;684.635;607.785;
38.9;927.73;888.477;-818.971;943.781;497.023;648.753;
39;1028.39;927.382;-752.176;1060.98;276.561;686.598;
39.1;1138.14;943.077;-681.761;1124.85;34.8656;721.139;
39.2;1251.46;934.07;-608.064;1131.92;-215.327;752.208;
39.3;1362.61;900.168;-531.44;1081.78;-460.831;779.656;
39.4;1465.98;842.493;-452.258;976.98;-688.705;803.351;
39.5;1556.36;763.418;-370.899;823;-886.942;823.179;
39.6;1629.2;666.446;-287.755;627.9;-1045.09;839.044;
39.7;1680.9;556.019;-203.225;401.91;-1154.84;850.871;
39.8;1708.95;437.292;-117.717;156.897;-1210.39;858.601;
39.9;1712.08;315.852;-31.6426;-94.2708;-1208.86;862.199;
40;1690.33;197.429;54.5843;-338.4;-1150.33;861.647;
40.1;1645.06;87.5902;140.548;-562.67;-1037.92;856.946;
40.2;1578.85;-8.55048;225.836;-755.307;-877.588;848.121;
40.3;1495.4;-86.6065;310.036;-906.209;-677.822;835.213;
40.4;1399.27;-143.148;392.745;-1007.48;-449.19;818.285;
40.5;1295.74;-175.882;473.562;-1053.84;-203.786;797.417;
40.6;1190.42;-183.777;552.1;-1042.92;45.4127;772.711;
40.7;1089.05;-167.113;627.98;-975.371;285.228;744.286;
40.8;997.122;-127.469;700.838;-854.825;502.978;712.278;
40.9;919.643;-67.6405;770.321;-687.727;687.149;676.841;
41;860.838;8.51095;836.097;-482.975;827.998;638.146;
41.1;823.945;96.2598;897.848;-251.456;918.074;596.379;
41.2;811.032;190.267;955.277;-5.47168;952.607;551.742;
41.3;822.898;284.86;1008.11;241.913;929.762;504.448;
41.4;859.023;374.338;1056.09;477.559;850.732;454.726;
41.5;917.599;453.265;1098.98;688.946;719.683;402.816;
41.6;995.624;516.764;1136.58;864.837;543.525;348.966;
41.7;1089.06;560.77;1168.72;995.868;331.554;293.437;
41.8;1193.06;582.249;1195.22;1075.04;94.9561;236.495;
41.9;1302.2;579.354;1215.98;1098.11;-153.78;178.415;
42;1410.76;551.525;1230.88;1063.77;-401.525;119.475;
42.1;1513.09;499.519;1239.85;973.769;-635.199;59.961;
42.2;1603.81;425.369;1242.86;832.782;-842.467;0.158078;
42.3;1678.18;332.275;1239.89;648.181;-1012.39;-59.6456;
42.4;1732.31;224.442;1230.94;429.64;-1135.99;-119.162;
42.5;1763.36;106.847;1216.07;188.629;-1206.74;-178.105;
42.6;1769.7;-15.0124;1195.35;-62.2009;-1220.92;-236.191;
42.7;1751.03;-135.417;1168.87;-309.676;-1177.77;-293.139;
42.8;1708.32;-248.722;1136.77;-540.8;-1079.57;-348.677;
42.9;1643.82;-349.661;1099.19;-743.443;-931.51;-402.536;
43;1560.94;-433.616;1056.33;-906.977;-741.408;-454.458;
43.1;1464.02;-496.87;1008.37;-1022.84;-519.301;-504.192;
43.2;1358.17;-536.797;955.569;-1084.99;-276.917;-551.499;
43.3;1248.93;-552.002;898.163;-1090.21;-27.0535;-596.151;
43.4;1142.04;-542.398;836.434;-1038.31;217.098;-637.933;
43.5;1043.09;-509.204;770.679;-932.101;442.648;-676.645;
43.6;957.244;-454.889;701.214;-777.268;637.69;-712.099;
43.7;888.984;-383.032;628.373;-582.063;791.929;-744.126;
43.8;841.836;-298.141;552.508;-356.87;897.229;-772.571;
43.9;818.214;-205.41;473.983;-113.656;948.035;-797.297;
44;819.277;-110.448;393.177;134.66;941.674;-818.184;
44.1;844.876;-18.9778;310.478;374.888;878.491;-835.134;
44.2;893.558;63.46;226.284;594.268;761.834;-848.063;
44.3;962.642;131.805;141.001;781.138;597.876;-856.91;
44.4;1048.36;181.741;55.0396;925.557;395.288;-861.632;
44.5;1146.07;209.927;-31.1869;1019.82;164.782;-862.207;
44.6;1250.48;214.17;-117.263;1058.88;-81.4532;-858.631;
44.7;1355.93;193.545;-202.775;1040.6;-330.4;-850.922;
44.8;1456.71;148.439;-287.311;965.876;-568.894;-839.117;
44.9;1547.35;80.5371;-370.464;838.572;-784.324;-823.273;
45;1622.89;-7.27276;-451.834;665.344;-965.296;-803.465;
45.1;1679.18;-111.049;-531.028;455.268;-1102.23;-779.791;
45.2;1713.08;-226.003;-607.667;219.366;-1187.89;-752.362;
45.3;1722.6;-346.758;-681.38;-29.9748;-1217.72;-721.312;
45.4;1707.07;-467.624;-751.813;-279.658;-1190.12;-686.79;
45.5;1667.1;-582.908;-818.627;-516.57;-1106.55;-648.961;
45.6;1604.6;-687.206;-881.501;-728.269;-971.377;-608.009;
45.7;1522.66;-775.694;-940.132;-903.646;-791.733;-564.13;
45.8;1425.39;-844.38;-994.237;-1033.51;-577.079;-517.536;
45.9;1317.71;-890.315;-1043.56;-1111.08;-338.728;-468.45;
46;1205.06;-911.752;-1087.85;-1132.31;-89.2449;-417.109;
46.1;1093.17;-908.231;-1126.91;-1096.18;158.22;-363.761;
46.2;987.683;-880.611;-1160.55;-1004.64;390.621;-308.661;
46.3;893.93;-831.02;-1188.59;-862.609;595.713;-252.076;
46.4;816.598;-762.744;-1210.92;-677.657;762.691;-194.277;
46.5;759.507;-680.052;-1227.42;-459.619;882.763;-135.543;
46.6;725.395;-587.973;-1238.01;-220.082;949.617;-76.1566;
46.7;715.785;-492.027;-1242.64;28.2371;959.752;-16.4036;
46.8;730.896;-397.938;-1241.28;272.153;912.663;43.4284;
46.9;769.636;-311.326;-1233.96;498.717;810.867;103.051;
47;829.657;-237.415;-1220.69;695.894;659.773;162.178;
47.1;907.481;-180.755;-1201.55;853.205;467.392;220.524;
47.2;998.683;-144.979;-1176.62;962.272;243.917;277.809;
47.3;1098.13;-132.617;-1146.03;1017.27;1.18625;333.756;
47.4;1200.23;-144.957;-1109.92;1015.23;-247.948;388.097;
47.5;1299.26;-181.98;-1068.47;956.187;-490.293;440.57;
47.6;1389.66;-242.359;-1021.88;843.2;-713.013;490.922;
47.7;1466.29;-323.531;-970.368;682.169;-904.309;538.91;
47.8;1524.77;-421.831;-914.185;481.533;-1054.04;584.305;
47.9;1561.63;-532.683;-853.601;251.825;-1154.27;626.887;
48;1574.56;-650.848;-788.908;5.11268;-1199.65;666.451;
48.1;1562.51;-770.695;-720.418;-245.639;-1187.76;702.807;
48.2;1525.74;-886.501;-648.46;-487.249;-1119.18;735.78;
48.3;1465.79;-992.752;-573.38;-707.022;-997.488;765.212;
48.4;1385.45;-1084.43;-495.54;-893.411;-829.081;790.96;
48.5;1288.56;-1157.3;-415.315;-1036.64;-622.805;812.9;
48.6;1179.82;-1208.09;-333.091;-1129.19;-389.514;830.927;
48.7;1064.57;-1234.71;-249.263;-1166.26;-141.484;844.955;
48.8;948.489;-1236.33;-164.235;-1145.93;108.227;854.915;
48.9;837.272;-1213.45;-78.4172;-1069.35;346.476;860.76;
49;736.366;-1167.84;7.7785;-940.61;560.726;862.462;
49.1;650.667;-1102.48;93.9367;-766.581;739.705;860.011;
49.2;584.257;-1021.39;179.643;-556.508;874.009;853.422;
49.3;540.199;-929.41;264.484;-321.545;956.591;842.724;
49.4;520.365;-831.949;348.052;-74.1585;983.137;827.969;
49.5;525.345;-734.704;429.945;172.528;952.292;809.229;
49.6;554.41;-643.356;509.768;405.429;865.735;786.593;
49.7;605.556;-563.268;587.137;612.189;728.086;760.171;
49.8;675.606;-499.205;661.68;781.831;546.665;730.09;
49.9;760.379;-455.079;733.038;905.341;331.104;696.495;
50;854.91;-433.745;800.867;976.141;92.8377;659.546;
50.1;953.715;-436.849;864.841;990.437;-155.498;619.423;
50.2;1051.08;-464.742;924.653;947.422;-400.735;576.318;
50.3;1141.36;-516.458;980.013;849.314;-629.87;530.439;
50.4;1219.27;-589.771;1030.66;701.241;-830.747;482.007;
50.5;1280.19;-681.305;1076.34;510.972;-992.705;431.254;
50.6;1320.38;-786.721;1116.84;288.505;-1107.14;378.426;
50.7;1337.2;-900.937;1151.96;45.5372;-1167.94;323.776;
50.8;1329.23;-1018.4;1181.54;-205.149;-1171.85;267.567;
50.9;1296.36;-1133.39;1205.43;-450.363;-1118.61;210.07;
51;1239.77;-1240.3;1223.52;-677.205;-1010.97;151.562;
51.1;1161.93;-1333.95;1235.72;-873.742;-854.556;92.325;
51.2;1066.38;-1409.86;1241.97;-1029.64;-657.577;32.6431;
51.3;957.634;-1464.46;1242.24;-1136.72;-430.376;-27.1959;
51.4;840.863;-1495.32;1236.54;-1189.37;-184.895;-86.904;
51.5;721.674;-1501.26;1224.88;-1184.85;65.9615;-146.194;
51.6;605.797;-1482.39;1207.32;-1123.45;309.003;-204.78;
51.7;498.779;-1440.14;1183.95;-1008.46;531.453;-262.38;
51.8;405.695;-1377.18;1154.89;-845.993;721.625;-318.717;
51.9;330.881;-1297.23;1120.26;-644.675;869.535;-373.52;
52;277.704;-1204.94;1080.24;-415.181;967.432;-426.525;
52.1;248.382;-1105.59;1035.02;-169.675;1010.21;-477.477;
52.2;243.871;-1004.82;984.824;78.8364;995.667;-526.131;
52.3;263.81;-908.349;929.882;317.186;924.638;-572.252;
52.4;306.546;-821.657;870.465;532.747;800.936;-615.618;
52.5;369.215;-749.705;806.858;714.093;631.157;-656.021;
52.6;447.898;-696.667;739.366;851.609;424.333;-693.266;
52.7;537.825;-665.712;668.316;937.992;191.45;-727.174;
52.8;633.63;-658.836;594.048;968.644;-55.1279;-757.581;
52.9;729.633;-676.759;516.921;941.908;-302.312;-784.342;
53;820.137;-718.881;437.306;859.161;-536.984;-807.327;
53.1;899.734;-783.32;355.585;724.736;-746.682;-826.426;
53.2;963.59;-867.009;272.153;545.698;-920.267;-841.547;
53.3;1007.69;-965.856;187.411;331.469;-1048.5;-852.616;
53.4;1029.08;-1074.96;101.767;93.3284;-1124.55;-859.582;
53.5;1025.98;-1188.88;15.6327;-156.178;-1144.33;-862.41;
53.6;997.905;-1301.91;-70.5767;-403.907;-1106.73;-861.087;
53.7;945.693;-1408.37;-156.446;-636.805;-1013.66;-855.618;
53.8;871.45;-1502.95;-241.563;-842.603;-869.98;-846.031;
53.9;778.442;-1580.92;-325.517;-1010.46;-683.198;-832.371;
54;670.923;-1638.47;-407.904;-1131.55;-463.116;-814.705;
54.1;553.911;-1672.82;-488.327;-1199.49;-221.287;-793.117;
54.2;432.922;-1682.42;-566.4;-1210.74;29.5864;-767.711;
54.3;313.681;-1667.04;-641.746;-1164.72;276.324;-738.609;
54.4;201.815;-1627.73;-714.003;-1063.88;505.964;-705.952;
54.5;102.56;-1566.82;-782.823;-913.591;706.449;-669.897;
54.6;20.4863;-1487.77;-847.875;-721.804;867.261;-630.618;
54.7;-40.7501;-1394.98;-908.845;-498.673;979.978;-588.302;
54.8;-78.5935;-1293.58;-965.441;-256.008;1038.72;-543.155;
54.9;-91.7267;-1189.14;-1017.39;-6.64777;1040.45;-495.393;
55;-80.1396;-1087.4;-1064.44;236.217;985.155;-445.247;
55.1;-45.13;-993.922;-1106.37;459.737;875.824;-392.957;
55.2;10.7652;-913.848;-1142.97;652.089;718.303;-338.776;
55.3;83.9041;-851.595;-1174.07;803.092;520.984;-282.963;
55.4;169.732;-810.633;-1199.52;904.753;294.36;-225.789;
55.5;263.023;-793.302;-1219.19;951.684;50.4737;-167.528;
55.6;358.153;-800.684;-1232.99;941.39;-197.722;-108.461;
55.7;449.402;-832.55;-1240.86;874.398;-437.047;-48.8712;
55.8;531.252;-887.371;-1242.76;754.229;-654.788;10.9536;
55.9;598.679;-962.398;-1238.68;587.215;-839.372;70.7257;
56;647.421;-1053.81;-1228.63;382.162;-980.977;130.157;
56.1;674.199;-1156.9;-1212.66;149.887;-1072.05;188.962;
56.2;676.896;-1266.36;-1190.86;-97.3569;-1107.71;246.858;
56.3;654.663;-1376.52;-1163.33;-346.523;-1086;303.565;
56.4;607.966;-1481.68;-1130.2;-584.465;-1007.99;358.811;
56.5;538.565;-1576.37;-1091.63;-798.625;-877.727;412.33;
56.6;449.415;-1655.7;-1047.8;-977.703;-702.018;463.864;
56.7;344.515;-1715.56;-998.93;-1112.25;-490.067;513.165;
56.8;228.693;-1752.87;-945.25;-1195.17;-252.995;559.996;
56.9;107.355;-1765.74;-887.02;-1222.09;-3.24762;604.131;
57;-13.8031;-1753.54;-824.521;-1191.6;246.059;645.358;
57.1;-129.096;-1716.98;-758.052;-1105.3;481.833;683.479;
57.2;-233.148;-1658.04;-687.935;-967.777;691.697;718.309;
57.3;-321.179;-1579.87;-614.506;-786.283;864.642;749.682;
57.4;-389.253;-1486.65;-538.119;-570.411;991.608;777.446;
57.5;-434.491;-1383.31;-459.141;-331.564;1065.97;801.468;
57.6;-455.218;-1275.34;-377.954;-82.3599;1083.86;821.631;
57.7;-451.056;-1168.46;-294.947;164.039;1044.43;837.84;
57.8;-422.939;-1068.31;-210.52;394.619;949.817;850.015;
57.9;-373.069;-980.173;-125.08;597.202;805.106;858.099;
58;-304.793;-908.704;-39.0383;761.091;618.01;862.052;
58.1;-222.435;-857.657;47.1917;877.632;398.485;861.856;
58.2;-131.058;-829.703;133.195;940.672;158.201;857.511;
58.3;-36.203;-826.285;218.556;946.885;-90.078;849.038;
58.4;56.4057;-847.546;302.866;895.948;-333.165;836.478;
58.5;141.163;-892.313;385.718;790.557;-558.146;819.892;
58.6;212.88;-958.169;466.713;636.282;-753.064;799.359;
58.7;267.055;-1041.57;545.461;441.278;-907.552;774.978;
58.8;300.116;-1138.05;621.584;215.852;-1013.38;746.866;
58.9;309.605;-1242.43;694.714;-28.0834;-1064.87;715.16;
59;294.31;-1349.11;764.501;-277.635;-1059.25;680.011;
59.1;254.331;-1452.37;830.607;-519.614;-996.722;641.588;
59.2;191.068;-1546.66;892.716;-741.231;-880.528;600.077;
59.3;107.158;-1626.89;950.527;-930.769;-716.726;555.678;
59.4;6.32353;-1688.7;1003.76;-1078.21;-513.894;508.603;
59.5;-106.814;-1728.71;1052.17;-1175.74;-282.671;459.081;
59.6;-226.982;-1744.69;1095.5;-1218.22;-35.1943;407.348;
59.7;-348.538;-1735.64;1133.57;-1203.37;215.539;353.655;
59.8;-465.763;-1701.91;1166.18;-1131.97;456.36;298.259;
59.9;-573.164;-1645.12;1193.17;-1007.77;674.622;241.428;
60;-665.768;-1568.12;1214.43;-837.319;858.873;183.434;
60.1;-739.379;-1474.81;1229.83;-629.598;999.453;124.558;
60.2;-790.805;-1369.94;1239.32;-395.56;1089.01;65.0818;
60.3;-818.022;-1258.87;1242.84;-147.547;1122.89;5.29241;
60.4;-820.284;-1147.28;1240.37;101.362;1099.37;-54.5225;
60.5;-798.159;-1040.88;1231.94;338.041;1019.77;-114.075;
60.6;-753.502;-945.065;1217.58;550.012;888.364;-173.078;
60.7;-689.357;-864.703;1197.35;726.101;712.162;-231.248;
60.8;-609.793;-803.819;1171.37;857.032;500.543;-288.305;
60.9;-519.692;-765.405;1139.74;935.913;264.754;-343.975;
61;-424.491;-751.259;1102.63;958.601;17.3188;-397.988;
61.1;-329.893;-761.892;1060.21;923.924;-228.624;-450.086;
61.2;-241.565;-796.497;1012.68;833.739;-460.015;-500.017;
61.3;-164.843;-852.997;960.282;692.834;-664.563;-547.541;
61.4;-104.447;-928.148;903.261;508.68;-831.396;-592.429;
61.5;-64.2297;-1017.72;841.891;291.029;-951.634;-634.466;
61.6;-46.9777;-1116.7;776.469;51.4046;-1018.86;-673.449;
61.7;-54.2607;-1219.59;707.31;-197.508;-1029.44;-709.189;
61.8;-86.3501;-1320.67;634.745;-442.533;-982.772;-741.516;
61.9;-142.204;-1414.31;559.125;-670.699;-881.234;-770.274;
62;-219.522;-1495.26;480.814;-869.925;-730.126;-795.324;
62.1;-314.867;-1558.94;400.188;-1029.66;-537.361;-816.545;
62.2;-423.848;-1601.67;317.636;-1141.42;-313.052;-833.836;
62.3;-541.348;-1620.89;233.555;-1199.29;-68.9799;-847.113;
62.4;-661.799;-1615.24;148.35;-1200.17;182.032;-856.312;
62.5;-779.472;-1584.69;62.4301;-1143.98;426.793;-861.389;
62.6;-888.783;-1530.52;-23.7899;-1033.65;652.443;-862.32;
62.7;-984.584;-1455.24;-109.895;-874.978;847.129;-859.1;
62.8;-1062.44;-1362.47;-195.472;-676.297;1000.63;-851.744;
62.9;-1118.85;-1256.76;-280.108;-448.068;1104.92;-840.288;
63;-1151.46;-1143.32;-363.395;-202.306;1154.53;-824.788;
63.1;-1159.16;-1027.77;-444.933;48.0478;1146.93;-805.317;
63.2;-1142.14;-915.831;-524.329;289.812;1082.56;-781.97;
63.3;-1101.91;-813.038;-601.201;510.257;964.904;-754.858;
63.4;-1041.19;-724.425;-675.179;697.782;800.228;-724.113;
63.5;-963.786;-654.274;-745.908;842.524;597.293;-689.883;
63.6;-874.373;-605.887;-813.045;936.882;366.879;-652.331;
63.7;-778.261;-581.41;-876.269;975.915;121.216;-611.639;
63.8;-681.109;-581.719;-935.275;957.605;-126.66;-568.003;
63.9;-588.626;-606.376;-989.779;882.963;-363.597;-521.633;
64;-506.27;-653.652;-1039.52;755.976;-577.023;-472.752;
64.1;-438.958;-720.615;-1084.25;583.397;-755.605;-421.595;
64.2;-390.811;-803.289;-1123.77;374.385;-889.854;-368.409;
64.3;-364.93;-896.863;-1157.88;140.027;-972.621;-313.45;
64.4;-363.239;-995.942;-1186.41;-107.253;-999.476;-256.981;
64.5;-386.376;-1094.84;-1209.23;-354.348;-968.944;-199.276;
64.6;-433.664;-1187.86;-1226.23;-588.158;-882.581;-140.611;
64.7;-503.148;-1269.63;-1237.33;-796.288;-744.89;-81.2694;
64.8;-591.693;-1335.36;-1242.47;-967.695;-563.089;-21.5366;
64.9;-695.154;-1381.09;-1241.63;-1093.28;-346.724;38.2998;
65;-808.591;-1403.93;-1234.82;-1166.35;-107.166;97.9519;
65.1;-926.535;-1402.17;-1222.06;-1183;142.987;157.133;
65.2;-1043.27;-1375.42;-1203.42;-1142.3;390.577;215.557;
65.3;-1153.15;-1324.58;-1178.98;-1046.35;622.581;272.943;
65.4;-1250.86;-1251.83;-1148.87;-900.164;826.799;329.016;
65.5;-1331.75;-1160.51;-1113.23;-711.404;992.498;383.505;
65.6;-1392.05;-1054.91;-1072.23;-489.987;1110.98;436.148;
65.7;-1429.05;-940.099;-1026.07;-247.553;1176.03;486.691;
65.8;-1441.28;-821.606;-974.973;3.14845;1184.28;534.892;
65.9;-1428.58;-705.158;-919.181;248.934;1135.33;580.518;
66;-1392.09;-596.367;-858.963;476.877;1031.82;623.349;
66.1;-1334.2;-500.436;-794.611;674.998;879.265;663.18;
66.2;-1258.44;-421.885;-726.434;832.889;685.77;699.818;
66.3;-1169.25;-364.31;-654.76;942.27;461.602;733.088;
66.4;-1071.8;-330.194;-579.934;997.422;218.647;762.829;
66.5;-971.673;-320.779;-502.316;995.491;-30.2168;788.898;
66.6;-874.604;-335.995;-422.281;936.639;-271.8;811.169;
66.7;-786.146;-374.468;-340.213;824.033;-493.299;829.536;
66.8;-711.396;-433.59;-256.507;663.681;-682.972;843.909;
66.9;-654.723;-509.66;-171.566;464.112;-830.756;854.221;
67;-619.533;-598.077;-85.7997;235.927;-928.804;860.42;
67.1;-608.091;-693.582;0.379786;-8.7603;-971.895;862.478;
67.2;-621.404;-790.538;86.5574;-256.966;-957.711;860.384;
67.3;-659.162;-883.23;172.318;-495.518;-886.961;854.148;
67.4;-719.761;-966.16;257.25;-711.756;-763.34;843.8;
67.5;-800.382;-1034.34;340.943;-894.195;-593.338;829.391;
67.6;-897.144;-1083.57;422.995;-1033.14;-385.893;810.99;
67.7;-1005.31;-1110.63;503.011;-1121.18;-151.923;788.685;
67.8;-1119.52;-1113.48;580.605;-1153.61;96.2529;762.583;
67.9;-1234.11;-1091.34;655.405;-1128.65;345.565;732.81;
68;-1343.37;-1044.77;727.05;-1047.55;582.883;699.51;
68.1;-1441.88;-975.587;795.195;-914.533;795.709;662.842;
68.2;-1524.77;-886.822;859.512;-736.555;972.838;622.984;
68.3;-1588;-782.526;919.692;-522.948;1104.95;580.127;
68.4;-1628.54;-667.571;975.444;-284.93;1185.1;534.478;
68.5;-1644.58;-547.385;1026.5;-35.0027;1209.09;486.256;
68.6;-1635.58;-427.673;1072.62;213.701;1175.69;435.693;
68.7;-1602.32;-314.109;1113.57;448.114;1086.69;383.033;
68.8;-1546.85;-212.039;1149.16;655.924;946.82;328.529;
68.9;-1472.39;-126.2;1179.22;826.225;763.502;272.443;
69;-1383.16;-60.4688;1203.61;950.09;546.445;215.046;
69.1;-1284.14;-17.6566;1222.2;1021.05;307.143;156.614;
69.2;-1180.84;0.638205;1234.9;1035.42;58.2619;97.4281;
69.3;-1078.98;-5.88491;1241.67;992.515;-187.026;37.7732;
69.4;-984.18;-36.2131;1242.45;894.672;-415.741;-22.0636;
69.5;-901.707;-88.0737;1237.26;747.127;-615.775;-81.7941;
69.6;-836.156;-158.054;1226.11;557.743;-776.541;-141.131;
69.7;-791.222;-241.783;1209.05;336.594;-889.522;-199.788;
69.8;-769.508;-334.159;1186.18;95.4287;-948.729;-257.484;
69.9;-772.379;-429.623;1157.6;-152.943;-951.011;-313.941;
70;-799.897;-522.45;1123.44;-395.334;-896.225;-368.886;
70.1;-850.815;-607.053;1083.88;-618.87;-787.244;-422.055;
70.2;-922.643;-678.276;1039.1;-811.673;-629.802;-473.193;
70.3;-1011.78;-731.668;989.319;-963.489;-432.196;-522.053;
70.4;-1113.7;-763.718;934.774;-1066.23;-204.841;-568.4;
70.5;-1223.2;-772.041;875.73;-1114.39;40.2729;-612.011;
70.6;-1334.66;-755.501;812.47;-1105.36;290.218;-652.676;
70.7;-1442.37;-714.276;745.3;-1039.55;531.811;-690.199;
70.8;-1540.78;-649.844;674.541;-920.345;752.309;-724.399;
70.9;-1624.86;-564.909;600.536;-753.982;940.082;-755.113;
71;-1690.29;-463.254;523.64;-549.17;1085.23;-782.192;
71.1;-1733.76;-349.546;444.223;-316.652;1180.09;-805.506;
71.2;-1753.1;-229.086;362.668;-68.6346;1219.68;-824.942;
71.3;-1747.41;-107.529;279.367;181.857;1201.92;-840.407;
71.4;-1717.09;9.41002;194.722;421.667;1127.75;-851.827;
71.5;-1663.85;116.264;109.139;638.204;1001.11;-859.146;
71.6;-1590.61;208.099;23.0305;820.107;828.687;-862.33;
71.7;-1501.31;280.773;-63.1886;957.842;619.603;-861.362;
71.8;-1400.76;331.161;-149.104;1044.21;384.909;-856.249;
71.9;-1294.34;357.312;-234.301;1074.72;137.006;-847.013;
72;-1187.73;358.558;-318.37;1047.85;-111.004;-833.701;
72.1;-1086.64;335.545;-400.907;965.074;-346.019;-816.375;
72.2;-996.441;290.204;-481.514;830.849;-555.619;-795.119;
72.3;-921.951;225.642;-559.803;652.337;-728.732;-770.036;
72.4;-867.139;145.985;-635.398;439.041;-856.209;-741.247;
72.5;-834.929;56.1533;-707.934;202.301;-931.317;-708.889;
72.6;-827.044;-38.3926;-777.062;-45.3065;-950.085;-673.119;
72.7;-843.915;-131.944;-842.449;-290.628;-911.522;-634.108;
72.8;-884.658;-218.845;-903.782;-520.634;-817.663;-592.046;
72.9;-947.12;-293.791;-960.764;-723.101;-673.465;-547.133;
73;-1028;-352.108;-1013.12;-887.261;-486.546;-499.587;
73.1;-1123;-390;-1060.6;-1004.37;-266.778;-449.636;
73.2;-1227.09;-404.751;-1102.98;-1068.17;-25.7708;-397.52;
73.3;-1334.73;-394.868;-1140.04;-1075.21;223.744;-343.491;
73.4;-1440.21;-360.158;-1171.62;-1025.06;468.584;-287.808;
73.5;-1537.91;-301.74;-1197.56;-920.271;695.814;-230.74;
73.6;-1622.62;-221.986;-1217.73;-766.32;893.427;-172.562;
73.7;-1689.8;-124.395;-1232.04;-571.257;1050.98;-113.552;
73.8;-1735.84;-13.4091;-1240.42;-345.311;1160.15;-53.9963;
73.9;-1758.23;105.822;-1242.83;-100.341;1215.16;5.81961;
74;-1755.7;227.711;-1239.26;150.791;1213.09;65.6075;
74.1;-1728.3;346.532;-1229.72;394.895;1154.05;125.08;
74.2;-1677.38;456.717;-1214.26;619.153;1041.14;183.949;
74.3;-1605.53;553.155;-1192.96;811.795;880.315;241.934;
74.4;-1516.42;631.459;-1165.92;962.721;680.061;298.754;
74.5;-1414.64;688.2;-1133.26;1064.03;450.94;354.136;
74.6;-1305.45;721.084;-1095.14;1110.46;205.037;407.813;
74.7;-1194.47;729.079;-1051.76;1099.61;-44.6729;459.527;
74.8;-1087.42;712.462;-1003.31;1032.14;-285.017;509.029;
74.9;-989.816;672.812;-950.036;911.691;-503.317;556.08;
75;-906.645;612.921;-892.186;744.687;-688.061;600.455;
75.1;-842.14;536.649;-830.042;540.025;-829.509;641.94;
75.2;-799.537;448.718;-763.901;308.587;-920.207;680.334;
75.3;-780.908;354.466;-694.084;62.6687;-955.385;715.454;
75.4;-787.052;259.561;-620.926;-184.67;-933.205;747.129;
75.5;-817.451;169.706;-544.778;-420.295;-854.857;775.208;
75.6;-870.301;90.3315;-466.008;-631.689;-724.501;799.556;
75.7;-942.602;26.3159;-384.995;-807.617;-549.044;820.055;
75.8;-1030.32;-18.2775;-302.129;-938.715;-337.773;836.606;
75.9;-1128.61;-40.4132;-217.808;-1017.99;-101.871;849.13;
76;-1232.04;-38.244;-132.439;-1041.18;146.18;857.567;
76.1;-1334.93;-11.2089;-46.4327;-1007;393.255;861.875;
76.2;-1431.58;39.9376;39.7975;-917.17;626.279;862.035;
76.3;-1516.65;113.165;125.836;-776.376;832.92;858.045;
76.4;-1585.4;205.273;211.269;-591.98;1002.24;849.925;
76.5;-1633.91;312.063;295.685;-373.652;1125.26;837.714;
76.6;-1659.37;428.557;378.677;-132.852;1195.47;821.47;
76.7;-1660.15;549.263;459.847;117.77;1209.12;801.272;
76.8;-1635.93;668.461;538.803;365.046;1165.46;777.217;
76.9;-1587.69;780.512;615.165;595.986;1066.77;749.42;
77;-1517.68;880.146;688.567;798.46;918.234;718.016;
77.1;-1429.31;962.751;758.653;961.844;727.66;683.156;
77.2;-1326.91;1024.61;825.088;1077.57;505.083;645.007;
77.3;-1215.59;1063.09;887.551;1139.61;262.223;603.754;
77.4;-1100.89;1076.8;945.742;1144.73;11.8737;559.594;
77.5;-988.554;1065.65;999.38;1092.75;-232.778;512.741;
77.6;-884.163;1030.86;1048.21;986.464;-458.847;463.419;
77.7;-792.889;974.902;1091.99;831.558;-654.428;411.866;
77.8;-719.203;901.344;1130.52;636.278;-809.231;358.331;
77.9;-666.639;814.693;1163.6;411.002;-915.116;303.071;
78;-637.608;720.144;1191.08;167.692;-966.529;246.353;
78.1;-633.273;623.301;1212.83;-80.7375;-960.794;188.448;
78.2;-653.486;529.887;1228.74;-321.103;-898.253;129.636;
78.3;-696.797;445.44;1238.74;-540.646;-782.25;70.2003;
78.4;-760.529;375.021;1242.77;-727.71;-618.952;10.4266;
78.5;-840.919;322.944;1240.82;-872.352;-417.024;-49.3974;
78.6;-933.322;292.552;1232.9;-966.872;-187.174;-108.984;
78.7;-1032.45;286.037;1219.04;-1006.22;58.4173;-168.045;
78.8;-1132.65;304.327;1199.32;-988.246;306.735;-226.298;
78.9;-1228.21;347.036;1173.82;-913.849;544.621;-283.461;
79;-1313.66;412.481;1142.67;-786.897;759.467;-339.26;
79.1;-1384.05;497.777;1106.02;-614.033;939.881;-393.426;
79.2;-1435.23;598.985;1064.05;-404.328;1076.29;-445.698;
79.3;-1464.05;711.32;1016.95;-168.8;1161.44;-495.824;
79.4;-1468.54;829.405;964.961;80.1719;1190.79;-543.564;
79.5;-1448;947.556;908.326;329.495;1162.74;-588.687;
79.6;-1403.06;1060.08;847.318;566.059;1078.73;-630.976;
79.7;-1335.63;1161.58;782.232;777.426;943.142;-670.229;
79.8;-1248.79;1247.22;713.38;952.491;763.087;-706.254;
79.9;-1146.66;1313.02;641.095;1082.06;548.026;-738.881;
80;-1034.13;1356.03;565.723;1159.35;309.268;-767.95;
80.1;-916.671;1374.5;487.628;1180.33;59.3699;-793.323;
80.2;-799.985;1367.97;407.186;1143.95;-188.521;-814.877;
80.3;-689.736;1337.3;324.783;1052.18;-421.366;-832.508;
80.4;-591.239;1284.61;240.818;909.927;-626.919;-846.132;
80.5;-509.188;1213.19;155.693;724.748;-794.379;-855.683;
80.6;-447.398;1127.3;69.8183;506.479;-914.954;-861.115;
80.7;-408.613;1031.98;-16.3922;266.699;-982.333;-862.402;
80.8;-394.354;932.735;-102.524;18.1216;-993.01;-859.538;
80.9;-404.843;835.292;-188.162;-226.074;-946.479;-852.536;
81;-438.99;745.27;-272.894;-452.942;-845.252;-841.43;
81.1;-494.449;667.892;-356.313;-650.452;-694.733;-826.274;
81.2;-567.747;607.707;-438.016;-808.124;-502.928;-807.14;
81.3;-654.461;568.349;-517.611;-917.582;-280.025;-784.121;
81.4;-749.455;552.348;-594.715;-973;-37.8537;-757.328;
81.5;-847.152;560.994;-668.955;-971.404;210.736;-726.889;
81.6;-941.828;594.269;-739.976;-912.833;452.557;-692.951;
81.7;-1027.91;650.85;-807.434;-800.334;674.779;-655.678;
81.8;-1100.29;728.175;-871.006;-639.804;865.603;-615.248;
81.9;-1154.55;822.581;-930.385;-439.679;1014.89;-571.857;
82;-1187.25;929.497;-985.286;-210.483;1114.7;-525.712;
82.1;-1196.07;1043.69;-1035.44;35.7203;1159.7;-477.038;
82.2;-1179.97;1159.52;-1080.62;285.971;1147.45;-426.067;
82.3;-1139.18;1271.28;-1120.59;527.094;1078.53;-373.045;
82.4;-1075.28;1373.45;-1155.17;746.395;956.519;-318.227;
82.5;-991.021;1461.02;-1184.18;932.332;787.802;-261.877;
82.6;-890.256;1529.74;-1207.5;1075.13;581.225;-204.267;
82.7;-777.691;1576.36;-1225;1167.27;347.634;-145.674;
82.8;-658.658;1598.77;-1236.61;1203.94;99.3001;-86.3793;
82.9;-538.823;1596.16;-1242.27;1183.24;-150.725;-26.6689;
83;-423.893;1569.01;-1241.94;1106.29;-389.301;33.1699;
83.1;-319.311;1519.1;-1235.64;977.203;-603.894;92.849;
83.2;-229.969;1449.41;-1223.38;802.822;-783.237;152.081;
83.3;-159.954;1363.95;-1205.24;592.395;-917.924;210.581;
83.4;-112.325;1267.56;-1181.3;357.069;-1000.91;268.068;
83.5;-88.9573;1165.64;-1151.67;109.307;-1027.87;324.264;
83.6;-90.4415;1063.9;-1116.5;-137.773;-997.464;378.899;
83.7;-116.052;968.015;-1075.96;-371.092;-911.354;431.71;
83.8;-163.786;883.343;-1030.23;-578.294;-774.158;482.443;
83.9;-230.47;814.65;-979.544;-748.406;-593.191;530.854;
84;-311.925;765.849;-924.143;-872.415;-378.079;576.71;
84.1;-403.19;739.795;-864.295;-943.741;-140.252;619.789;
84.2;-498.782;738.137;-800.285;-958.591;107.66;659.885;
84.3;-592.99;761.225;-732.423;-916.151;352.495;696.804;
84.4;-680.168;808.098;-661.036;-818.636;581.252;730.37;
84.5;-755.044;876.531;-586.467;-671.171;781.779;760.419;
84.6;-812.99;963.153;-509.074;-481.519;943.416;786.808;
84.7;-850.269;1063.62;-429.232;-259.67;1057.56;809.41;
84.8;-864.236;1172.87;-347.322;-17.3185;1118.1;828.115;
84.9;-853.473;1285.34;-263.741;232.76;1121.78;842.834;
85;-817.866;1395.31;-178.891;477.381;1068.33;853.496;
85.1;-758.611;1497.19;-93.1792;703.645;960.495;860.05;
85.2;-678.15;1585.78;-7.01896;899.625;803.909;862.463;
85.3;-580.045;1656.61;79.175;1054.99;606.765;860.725;
85.4;-468.785;1706.12;164.988;1161.56;379.403;854.844;
85.5;-349.555;1731.88;250.007;1213.71;133.759;844.848;
85.6;-227.956;1732.69;333.822;1208.72;-117.266;830.785;
85.7;-109.715;1708.68;416.03;1146.86;-360.489;812.722;
85.8;-0.378411;1661.28;496.236;1031.42;-583.135;790.748;
85.9;94.9794;1593.14;574.053;868.514;-773.52;764.967;
86;172.023;1507.99;649.106;666.755;-921.662;735.504;
86.1;227.386;1410.48;721.036;436.816;-1019.81;702.5;
86.2;258.849;1305.87;789.494;190.853;-1062.86;666.115;
86.3;265.455;1199.82;854.152;-58.13;-1048.6;626.524;
86.4;247.561;1098.04;914.698;-296.972;-977.864;583.916;
86.5;206.822;1006.01;970.841;-513.048;-854.465;538.498;
86.6;146.096;928.694;1022.31;-694.935;-684.99;490.487;
86.7;69.3005;870.257;1068.86;-833.018;-478.466;440.116;
86.8;-18.7974;833.874;1110.26;-919.996;-245.874;387.626;
86.9;-112.834;821.543;1146.32;-951.267;0.427924;333.27;
87;-207.13;833.982;1176.86;-925.173;247.357;277.309;
87.1;-295.994;870.597;1201.74;-843.085;481.797;220.014;
87.2;-374.017;929.507;1220.83;-709.333;691.292;161.66;
87.3;-436.366;1007.65;1234.05;-530.977;864.704;102.528;
87.4;-479.034;1100.93;1241.32;-317.433;992.799;42.9019;
87.5;-499.051;1204.46;1242.62;-79.9736;1068.74;-16.9306;
87.6;-494.647;1312.8;1237.94;168.861;1088.43;-76.6815;
87.7;-465.337;1420.23;1227.3;415.93;1050.77;-136.063;
87.8;-411.956;1521.09;1210.75;648.187;957.669;-194.79;
87.9;-336.606;1610.07;1188.37;853.365;813.965;-252.579;
88;-242.552;1682.44;1160.27;1020.63;627.177;-309.153;
88.1;-134.045;1734.39;1126.59;1141.14;407.094;-364.238;
88.2;-16.1017;1763.13;1087.48;1208.53;165.264;-417.57;
88.3;105.764;1767.14;1043.14;1219.25;-85.6141;-468.892;
88.4;225.831;1746.15;993.779;1172.71;-332.366;-517.956;
88.5;338.472;1701.23;939.633;1071.38;-562.035;-564.528;
88.6;438.452;1634.72;880.964;920.605;-762.565;-608.382;
88.7;521.204;1550.05;818.054;728.333;-923.441;-649.307;
88.8;583.069;1451.64;751.207;504.717;-1036.24;-687.107;
88.9;621.492;1344.61;680.743;261.559;-1095.08;-721.599;
89;635.155;1234.53;607.003;11.6923;-1096.93;-752.618;
89.1;624.046;1127.13;530.34;-231.695;-1041.76;-780.014;
89.2;589.462;1027.99;451.125;-455.76;-932.562;-803.655;
89.3;533.936;942.231;369.738;-648.678;-775.179;-823.428;
89.4;461.109;874.283;286.572;-800.273;-577.996;-839.237;
89.5;375.532;827.614;202.026;-902.551;-351.5;-851.006;
89.6;282.43;804.563;116.507;-950.123;-107.727;-858.679;
89.7;187.423;806.215;30.4275;-940.491;140.375;-862.218;
89.8;96.2295;832.342;-55.7983;-874.179;379.629;-861.607;
89.9;14.3671;881.42;-141.756;-754.703;597.326;-856.849;
90;-53.1425;950.7;-227.031;-588.391;781.897;-847.965;
90.1;-102.037;1036.36;-311.213;-384.042;923.519;-835;
90.2;-129.039;1133.71;-393.897;-152.467;1014.64;-818.016;
90.3;-132.028;1237.44;-474.684;94.0851;1050.38;-797.094;
90.4;-110.156;1341.87;-553.187;342.574;1028.77;-772.335;
90.5;-63.8874;1441.31;-629.027;579.856;950.888;-743.858;
90.6;5.02096;1530.3;-701.84;793.379;820.771;-711.8;
90.7;93.6155;1603.94;-771.273;971.844;645.221;-676.316;
90.8;197.9;1658.13;-836.994;1105.8;433.438;-637.577;
90.9;313.049;1689.78;-898.686;1188.16;196.535;-595.768;
91;433.659;1697.01;-956.052;1214.54;-53.0462;-551.092;
91.1;554.036;1679.19;-1008.82;1183.53;-302.195;-503.763;
91.2;668.498;1637.02;-1056.72;1096.74;-537.825;-454.009;
91.3;771.669;1572.49;-1099.54;958.722;-747.559;-402.069;
91.4;858.77;1488.74;-1137.07;776.747;-920.393;-348.194;
91.5;925.866;1389.95;-1169.13;560.394;-1047.27;-292.643;
91.6;970.078;1281.05;-1195.55;321.064;-1121.55;-235.683;
91.7;989.731;1167.53;-1216.23;71.367;-1139.39;-177.589;
91.8;984.444;1055.09;-1231.04;-175.539;-1099.91;-118.64;
91.9;955.151;949.394;-1239.94;-406.644;-1005.26;-59.1196;
92;904.051;855.719;-1242.86;-609.774;-860.52;0.685245;
92.1;834.491;778.71;-1239.8;-774.232;-673.392;60.4868;
92.2;750.789;722.127;-1230.77;-891.365;-453.829;119.997;
92.3;658.007;688.641;-1215.82;-955.02;-213.495;178.93;
92.4;561.686;679.697;-1195.01;-961.869;34.8524;237.001;
92.5;467.546;695.439;-1168.46;-911.585;278.029;293.932;
92.6;381.192;734.698;-1136.27;-806.859;503.126;349.447;
92.7;307.811;795.059;-1098.62;-653.257;698.19;403.281;
92.8;251.905;872.985;-1055.68;-458.929;852.853;455.173;
92.9;217.045;964.002;-1007.66;-234.175;958.883;504.875;
93;205.691;1062.94;-954.789;9.09688;1010.61;552.145;
93.1;219.054;1164.21;-897.321;258;1005.25;596.759;
93.2;257.039;1262.09;-835.533;499.349;943.015;638.499;
93.3;318.244;1351.02;-769.724;720.359;827.128;677.166;
93.4;400.038;1425.92;-700.209;909.315;663.647;712.573;
93.5;498.699;1482.44;-627.323;1056.2;461.146;744.55;
93.6;609.609;1517.2;-551.418;1153.21;230.256;772.944;
93.7;727.498;1527.95;-472.859;1195.18;-16.8899;797.616;
93.8;846.727;1513.71;-392.023;1179.85;-267.299;818.449;
93.9;961.577;1474.82;-309.3;1108;-507.809;835.342;
94;1066.56;1412.9;-225.089;983.355;-725.775;848.215;
94.1;1156.7;1330.8;-139.793;812.471;-909.748;857.004;
94.2;1227.8;1232.41;-53.8254;604.322;-1050.07;861.668;
94.3;1276.68;1122.5;32.4018;369.856;-1139.39;862.184;
94.4;1301.31;1006.4;118.473;121.409;-1173.04;858.549;
94.5;1300.93;889.808;203.974;-127.946;-1149.32;850.782;
94.6;1276.13;778.414;288.493;-365.086;-1069.52;838.92;
94.7;1228.74;677.638;371.623;-577.537;-937.923;823.019;
94.8;1161.82;592.33;452.965;-754.127;-761.533;803.157;
94.9;1079.43;526.518;532.126;-885.58;-549.721;779.428;
95;986.443;483.196;608.725;-965.004;-313.729;751.948;
95.1;888.305;464.164;682.394;-988.256;-66.0752;720.848;
95.2;790.712;469.933;752.779;-954.158;180.106;686.278;
95.3;699.331;499.7;819.54;-864.565;411.76;648.404;
95.4;619.497;551.388;882.356;-724.26;616.598;607.409;
95.5;555.928;621.758;940.924;-540.708;783.751;563.491;
95.6;512.478;706.58;994.963;-323.655;904.338;516.86;
95.7;491.934;800.852;1044.21;-84.6207;971.939;467.74;
95.8;495.866;899.072;1088.44;163.717;982.933;416.37;
95.9;524.549;995.523;1127.42;408.186;936.69;362.995;
96;576.941;1084.57;1160.98;635.82;835.603;307.873;
96.1;650.745;1160.98;1188.95;834.54;684.96;251.268;
96.2;742.528;1220.17;1211.19;993.793;492.67;193.455;
96.3;847.9;1258.46;1227.61;1105.11;268.841;134.71;
96.4;961.748;1273.28;1238.11;1162.56;25.2461;75.3162;
96.5;1078.51;1263.28;1242.66;1163.05;-225.296;15.5602;
96.6;1192.45;1228.43;1241.22;1106.48;-469.598;-44.2707;
96.7;1297.99;1170;1233.81;995.799;-694.805;-103.888;
96.8;1389.99;1090.5;1220.46;836.781;-889.066;-163.006;
96.9;1464.01;993.56;1201.23;637.767;-1042.17;-221.339;
97;1516.55;883.713;1176.23;409.207;-1146.06;-278.607;
97.1;1545.26;766.176;1145.56;163.111;-1195.31;-334.533;
97.2;1549.02;646.565;1109.37;-87.586;-1187.36;-388.849;
97.3;1528.03;530.604;1067.85;-329.706;-1122.66;-441.294;
97.4;1483.79;423.817;1021.19;-550.523;-1004.68;-491.614;
97.5;1419.02;331.243;969.606;-738.439;-839.677;-539.567;
97.6;1337.53;257.164;913.359;-883.593;-636.418;-584.924;
97.7;1243.99;204.881;852.716;-978.382;-405.672;-627.464;
97.8;1143.71;176.541;787.967;-1017.86;-159.665;-666.985;
97.9;1042.34;173.023;719.426;-1000.02;88.5723;-703.294;
98;945.589;193.891;647.421;-925.857;325.894;-736.218;
98.1;858.919;237.417;572.3;-799.357;539.729;-765.599;
98.2;787.245;300.672;494.424;-627.267;718.749;-791.294;
98.3;734.686;379.684;414.168;-418.741;853.463;-813.18;
98.4;704.346;469.642;331.919;-184.86;936.724;-831.151;
98.5;698.148;565.158;248.072;61.9578;964.101;-845.122;
98.6;716.733;660.542;163.03;308.609;934.114;-855.024;
98.7;759.427;750.112;77.204;542.001;848.316;-860.811;
98.8;824.275;828.487;-8.99379;749.737;711.206;-862.454;
98.9;908.147;890.876;-95.1483;920.78;529.995;-859.945;
99;1006.9;933.328;-180.845;1046.03;314.225;-853.297;
99.1;1115.6;952.943;-265.671;1118.8;75.2601;-842.542;
99.2;1228.77;948.024;-349.218;1135.17;-174.306;-827.731;
99.3;1340.71;918.167;-431.084;1094.22;-421.321;-808.935;
99.4;1445.77;864.28;-510.875;998.041;-652.767;-786.245;
99.5;1538.64;788.542;-588.207;851.637;-856.445;-759.771;
99.6;1614.67;694.28;-662.707;662.671;-1021.63;-729.639;
99.7;1670.08;585.797;-734.018;441.055;-1139.61;-695.995;
99.8;1702.17;468.145;-801.795;198.421;-1204.19;-659.001;
99.9;1709.48;346.86;-865.712;-52.4871;-1211.98;-618.835;
100;1691.84;227.665;-925.462;-298.489;-1162.59;-575.689;
